ID,Age,Partial Discharge,Visual Condition,Natural Corrosion,Loading,Health Index
1,18,0.08,Medium,0.53,646,4
2,28,0.21,Medium,0.71,131,4
3,27,0.19,Medium,0.69,552,4
4,18,0.07,Medium,0.53,155,4
5,16,0.06,Good,0.5,349,5
6,15,0.05,Good,0.46,333,5
7,44,0.68,Poor,0.9,302,2
8,41,0.54,Poor,0.84,564,2
9,50,0.91,Poor,0.94,479,1
10,16,0.05,Good,0.48,124,5
11,34,0.35,Poor,0.8,492,3
12,43,0.61,Poor,0.85,484,2
13,28,0.22,Medium,0.69,409,4
14,16,0.06,Good,0.45,97,5
15,51,0.89,Poor,0.93,215,1
16,16,0.05,Good,0.47,360,5
17,22,0.13,Medium,0.6,119,4
18,15,0.05,Good,0.44,75,5
19,15,0.05,Good,0.46,173,5
20,47,0.75,Poor,0.91,108,2
21,40,0.49,Poor,0.83,589,3
22,16,0.06,Good,0.45,647,5
23,29,0.22,Poor,0.69,240,3
24,50,0.86,Poor,0.93,399,2
25,38,0.46,Poor,0.77,415,3
26,17,0.06,Good,0.48,83,5
27,40,0.52,Poor,0.85,570,3
28,15,0.05,Good,0.44,476,5
29,33,0.31,Poor,0.71,220,3
30,31,0.29,Poor,0.74,632,3
31,20,0.1,Medium,0.58,528,4
32,16,0.06,Good,0.5,157,5
33,24,0.15,Medium,0.65,493,4
34,20,0.1,Medium,0.55,236,4
35,18,0.08,Medium,0.53,513,4
36,39,0.47,Poor,0.83,348,2
37,15,0.05,Good,0.46,171,5
38,38,0.45,Poor,0.78,354,3
39,15,0.05,Good,0.45,159,5
40,51,0.95,Poor,1,233,1
41,37,0.41,Poor,0.85,419,3
42,18,0.08,Good,0.49,70,5
43,15,0.05,Good,0.48,127,5
44,15,0.05,Good,0.48,401,5
45,17,0.06,Good,0.5,450,5
46,16,0.06,Good,0.48,86,5
47,15,0.05,Good,0.44,520,5
48,32,0.31,Poor,0.77,122,3
49,33,0.33,Poor,0.77,640,3
50,33,0.31,Poor,0.78,512,3
51,35,0.37,Poor,0.76,385,3
52,17,0.07,Good,0.49,649,5
53,16,0.06,Good,0.5,414,5
54,20,0.1,Medium,0.55,386,4
55,44,0.66,Poor,0.89,311,2
56,47,0.72,Poor,0.95,402,2
57,17,0.07,Medium,0.47,276,4
58,20,0.1,Medium,0.54,515,4
59,19,0.09,Medium,0.54,301,4
60,16,0.05,Good,0.46,351,5
61,15,0.05,Good,0.45,355,5
62,19,0.08,Medium,0.51,617,4
63,21,0.11,Medium,0.58,566,4
64,40,0.51,Poor,0.85,349,3
65,16,0.06,Good,0.45,317,5
66,22,0.13,Medium,0.56,357,4
67,52,0.95,Poor,0.97,168,1
68,26,0.18,Medium,0.64,563,4
69,51,0.88,Poor,0.96,388,1
70,26,0.19,Medium,0.67,319,4
71,44,0.66,Poor,0.83,99,2
72,38,0.46,Poor,0.86,517,2
73,47,0.75,Poor,0.98,337,2
74,28,0.21,Poor,0.69,649,3
75,17,0.07,Good,0.48,611,5
76,47,0.79,Poor,0.91,223,2
77,31,0.27,Poor,0.7,309,3
78,27,0.2,Medium,0.67,98,4
79,46,0.71,Poor,0.88,451,2
80,49,0.88,Poor,0.9,619,1
81,50,0.9,Poor,0.99,465,1
82,51,0.93,Poor,0.95,193,1
83,23,0.13,Medium,0.59,316,4
84,35,0.37,Poor,0.79,635,3
85,30,0.25,Poor,0.7,337,3
86,32,0.29,Poor,0.74,393,3
87,52,0.92,Poor,0.93,308,1
88,21,0.11,Medium,0.59,391,4
89,16,0.05,Good,0.49,520,5
90,31,0.29,Poor,0.73,434,3
91,23,0.14,Medium,0.58,617,4
92,18,0.07,Medium,0.55,571,4
93,17,0.06,Good,0.51,561,5
94,40,0.52,Poor,0.84,451,3
95,25,0.17,Medium,0.65,637,4
96,21,0.11,Medium,0.6,306,4
97,16,0.06,Good,0.48,477,5
98,17,0.06,Good,0.51,403,5
99,29,0.23,Medium,0.67,501,4
100,43,0.59,Poor,0.89,437,2
101,49,0.79,Poor,0.98,556,2
102,32,0.31,Poor,0.77,143,3
103,48,0.76,Poor,0.9,510,2
104,21,0.11,Medium,0.59,110,4
105,42,0.58,Poor,0.88,509,2
106,41,0.53,Poor,0.87,284,2
107,24,0.15,Medium,0.6,93,4
108,39,0.47,Poor,0.86,497,2
109,19,0.09,Medium,0.56,276,4
110,15,0.05,Good,0.44,420,5
111,32,0.29,Poor,0.75,169,3
112,44,0.65,Poor,0.85,293,2
113,41,0.53,Poor,0.83,109,2
114,25,0.17,Medium,0.62,164,4
115,51,0.95,Poor,1,635,1
116,15,0.05,Good,0.49,517,5
117,32,0.29,Poor,0.77,375,3
118,36,0.39,Poor,0.76,320,3
119,44,0.67,Poor,0.93,295,2
120,30,0.26,Poor,0.72,628,3
121,50,0.9,Poor,0.99,418,1
122,39,0.49,Poor,0.79,511,3
123,31,0.27,Poor,0.73,124,3
124,27,0.2,Poor,0.65,565,3
125,29,0.25,Medium,0.67,370,4
126,52,0.97,Poor,0.99,557,1
127,16,0.06,Good,0.45,148,5
128,51,0.96,Poor,0.94,340,1
129,16,0.06,Good,0.49,636,5
130,31,0.29,Poor,0.75,543,3
131,25,0.16,Medium,0.65,473,4
132,26,0.18,Medium,0.68,515,4
133,27,0.2,Medium,0.65,372,4
134,29,0.24,Poor,0.7,331,3
135,37,0.43,Poor,0.81,471,3
136,50,0.9,Poor,0.94,363,1
137,52,0.99,Poor,0.96,71,1
138,27,0.2,Medium,0.62,385,4
139,21,0.1,Medium,0.54,546,4
140,46,0.74,Poor,0.89,267,2
141,21,0.11,Medium,0.53,588,4
142,26,0.19,Medium,0.68,518,4
143,47,0.75,Poor,0.98,430,2
144,37,0.43,Poor,0.8,72,3
145,29,0.23,Poor,0.72,320,3
146,25,0.16,Medium,0.62,211,4
147,16,0.06,Good,0.49,506,5
148,17,0.06,Good,0.5,97,5
149,16,0.05,Good,0.45,375,5
150,49,0.88,Poor,0.95,618,1
151,41,0.54,Poor,0.9,216,2
152,28,0.23,Poor,0.65,184,3
153,26,0.17,Medium,0.65,498,4
154,18,0.08,Medium,0.5,154,4
155,20,0.1,Medium,0.56,610,4
156,19,0.09,Medium,0.5,587,4
157,29,0.24,Poor,0.68,83,3
158,32,0.29,Poor,0.72,468,3
159,34,0.35,Poor,0.77,70,3
160,41,0.55,Poor,0.87,265,2
161,16,0.06,Good,0.46,126,5
162,32,0.31,Poor,0.69,620,3
163,17,0.06,Good,0.53,280,5
164,15,0.05,Good,0.44,449,5
165,38,0.44,Poor,0.85,609,2
166,51,0.93,Poor,0.98,143,1
167,24,0.15,Medium,0.64,362,4
168,36,0.41,Poor,0.82,590,3
169,22,0.12,Medium,0.58,267,4
170,28,0.22,Poor,0.66,550,3
171,52,0.95,Poor,1,97,1
172,38,0.48,Poor,0.77,131,3
173,34,0.36,Poor,0.77,423,3
174,49,0.84,Poor,0.9,630,2
175,18,0.08,Medium,0.5,230,4
176,47,0.74,Poor,0.97,226,2
177,18,0.08,Good,0.53,240,5
178,50,0.88,Poor,1,501,1
179,32,0.31,Poor,0.71,528,3
180,42,0.59,Poor,0.89,202,2
181,20,0.09,Medium,0.55,611,4
182,18,0.08,Medium,0.5,616,4
183,15,0.05,Good,0.46,279,5
184,36,0.4,Poor,0.81,332,3
185,51,0.89,Poor,0.93,403,1
186,51,0.92,Poor,0.94,448,1
187,36,0.39,Poor,0.83,89,3
188,30,0.27,Poor,0.66,401,3
189,34,0.36,Poor,0.74,357,3
190,22,0.12,Medium,0.59,464,4
191,16,0.06,Good,0.49,461,5
192,33,0.32,Poor,0.71,544,3
193,28,0.23,Poor,0.66,494,3
194,49,0.83,Poor,0.91,228,2
195,35,0.36,Poor,0.74,175,3
196,47,0.72,Poor,0.94,609,2
197,41,0.53,Poor,0.8,534,2
198,35,0.35,Poor,0.79,151,3
199,49,0.8,Poor,0.89,455,2
200,51,0.91,Poor,1,494,1
201,22,0.12,Medium,0.55,292,4
202,18,0.07,Good,0.53,471,5
203,37,0.41,Poor,0.77,396,3
204,44,0.64,Poor,0.85,465,2
205,50,0.83,Poor,0.94,248,2
206,32,0.31,Poor,0.77,355,3
207,30,0.27,Poor,0.7,165,3
208,31,0.27,Poor,0.68,575,3
209,36,0.38,Poor,0.75,546,3
210,15,0.05,Good,0.44,392,5
211,48,0.79,Poor,0.94,306,2
212,38,0.46,Poor,0.77,619,3
213,15,0.05,Good,0.46,230,5
214,43,0.63,Poor,0.87,426,2
215,16,0.06,Good,0.46,412,5
216,25,0.17,Medium,0.63,403,4
217,29,0.23,Poor,0.65,624,3
218,44,0.61,Poor,0.91,360,2
219,26,0.18,Medium,0.64,454,4
220,32,0.29,Poor,0.71,318,3
221,18,0.08,Medium,0.49,406,4
222,36,0.39,Poor,0.79,71,3
223,51,0.95,Poor,0.99,427,1
224,42,0.59,Poor,0.9,354,2
225,30,0.26,Poor,0.68,322,3
226,22,0.12,Medium,0.55,538,4
227,21,0.11,Medium,0.57,515,4
228,15,0.05,Good,0.45,560,5
229,50,0.88,Poor,0.92,644,1
230,31,0.28,Poor,0.72,152,3
231,29,0.25,Medium,0.73,423,4
232,17,0.07,Medium,0.49,227,4
233,41,0.54,Poor,0.82,222,3
234,16,0.06,Good,0.45,430,5
235,41,0.54,Poor,0.81,506,3
236,18,0.08,Medium,0.49,631,4
237,15,0.05,Good,0.44,454,5
238,29,0.24,Medium,0.72,276,4
239,48,0.76,Poor,0.91,564,2
240,23,0.13,Medium,0.63,390,4
241,51,0.95,Poor,0.95,290,1
242,35,0.36,Poor,0.73,540,3
243,47,0.77,Poor,0.9,190,2
244,37,0.42,Poor,0.84,272,3
245,24,0.15,Medium,0.61,442,4
246,25,0.17,Medium,0.62,492,4
247,15,0.05,Good,0.46,359,5
248,39,0.48,Poor,0.83,375,3
249,34,0.35,Poor,0.76,326,3
250,27,0.2,Poor,0.63,210,3
251,33,0.33,Poor,0.74,82,3
252,50,0.91,Poor,0.93,154,1
253,34,0.35,Poor,0.74,497,3
254,49,0.83,Poor,1,618,2
255,48,0.79,Poor,0.99,337,2
256,45,0.71,Poor,0.94,107,2
257,17,0.07,Good,0.48,445,5
258,25,0.16,Medium,0.6,168,4
259,38,0.45,Poor,0.86,370,2
260,50,0.89,Poor,0.92,323,1
261,26,0.17,Medium,0.65,70,4
262,27,0.2,Medium,0.64,458,4
263,43,0.58,Poor,0.87,211,2
264,16,0.06,Good,0.49,585,5
265,17,0.07,Good,0.5,365,5
266,27,0.2,Medium,0.63,645,4
267,40,0.51,Poor,0.81,114,3
268,15,0.05,Good,0.44,277,5
269,51,0.87,Poor,0.97,441,2
270,22,0.12,Medium,0.59,366,4
271,15,0.05,Good,0.48,288,5
272,41,0.53,Poor,0.82,542,2
273,29,0.24,Poor,0.67,160,3
274,28,0.22,Poor,0.63,582,3
275,51,0.92,Poor,0.91,620,1
276,39,0.48,Poor,0.85,135,3
277,15,0.05,Good,0.46,250,5
278,37,0.44,Poor,0.76,474,3
279,30,0.25,Poor,0.68,128,3
280,33,0.34,Poor,0.77,549,3
281,38,0.44,Poor,0.8,551,3
282,18,0.08,Medium,0.54,640,4
283,16,0.06,Good,0.5,294,5
284,42,0.58,Poor,0.9,448,2
285,51,0.89,Poor,1,588,1
286,42,0.6,Poor,0.84,301,3
287,43,0.6,Poor,0.85,302,2
288,16,0.06,Good,0.48,106,5
289,41,0.53,Poor,0.86,171,3
290,16,0.06,Good,0.49,282,5
291,41,0.53,Poor,0.88,216,2
292,34,0.36,Poor,0.76,647,3
293,49,0.84,Poor,0.92,648,2
294,35,0.38,Poor,0.78,580,3
295,22,0.13,Medium,0.59,71,4
296,39,0.49,Poor,0.87,535,3
297,49,0.81,Poor,0.95,312,2
298,52,0.99,Poor,0.99,225,1
299,15,0.05,Good,0.46,272,5
300,42,0.56,Poor,0.89,581,2
301,49,0.8,Poor,0.92,604,2
302,52,0.99,Poor,0.98,348,1
303,32,0.29,Poor,0.77,194,3
304,22,0.13,Medium,0.55,492,4
305,52,0.98,Poor,0.96,501,1
306,20,0.1,Medium,0.56,248,4
307,29,0.25,Poor,0.67,110,3
308,36,0.38,Poor,0.81,139,3
309,38,0.47,Poor,0.84,443,3
310,40,0.51,Poor,0.89,284,3
311,50,0.88,Poor,1,457,1
312,18,0.08,Medium,0.48,616,4
313,15,0.05,Good,0.45,303,5
314,24,0.16,Medium,0.6,78,4
315,44,0.65,Poor,0.84,577,2
316,17,0.07,Good,0.48,259,5
317,42,0.6,Poor,0.83,593,2
318,26,0.18,Medium,0.68,191,4
319,49,0.85,Poor,0.99,408,2
320,51,0.89,Poor,1,374,1
321,21,0.11,Medium,0.54,533,4
322,38,0.43,Poor,0.86,414,3
323,23,0.14,Medium,0.58,624,4
324,19,0.09,Medium,0.56,342,4
325,15,0.05,Good,0.45,559,5
326,38,0.44,Poor,0.86,254,2
327,17,0.07,Good,0.52,188,5
328,52,0.94,Poor,0.98,295,1
329,38,0.46,Poor,0.8,557,3
330,50,0.88,Poor,0.94,345,1
331,49,0.88,Poor,1,314,1
332,30,0.26,Poor,0.69,521,3
333,19,0.09,Medium,0.55,362,4
334,15,0.05,Good,0.48,280,5
335,20,0.1,Medium,0.56,306,4
336,29,0.23,Poor,0.72,523,3
337,17,0.07,Good,0.48,519,5
338,17,0.07,Good,0.52,70,5
339,37,0.43,Poor,0.79,589,3
340,39,0.51,Poor,0.8,564,3
341,29,0.22,Poor,0.67,366,3
342,41,0.52,Poor,0.88,241,2
343,43,0.6,Poor,0.91,250,2
344,51,0.94,Poor,0.97,246,1
345,26,0.18,Medium,0.68,511,4
346,46,0.69,Poor,0.92,430,2
347,39,0.47,Poor,0.85,74,2
348,26,0.19,Medium,0.62,144,4
349,15,0.05,Good,0.44,647,5
350,49,0.86,Poor,0.92,207,2
351,15,0.05,Good,0.49,94,5
352,15,0.05,Good,0.44,630,5
353,20,0.1,Medium,0.56,113,4
354,25,0.16,Medium,0.64,328,4
355,30,0.25,Poor,0.66,191,3
356,16,0.06,Good,0.46,543,5
357,52,0.95,Poor,0.94,396,1
358,39,0.48,Poor,0.82,482,2
359,16,0.06,Good,0.5,154,5
360,16,0.06,Good,0.49,493,5
361,24,0.14,Medium,0.61,603,4
362,16,0.05,Good,0.49,570,5
363,20,0.1,Medium,0.58,361,4
364,50,0.91,Poor,0.93,629,1
365,24,0.14,Medium,0.59,134,4
366,19,0.08,Medium,0.54,286,4
367,50,0.88,Poor,0.93,326,1
368,20,0.09,Medium,0.52,541,4
369,31,0.27,Poor,0.76,545,3
370,17,0.06,Good,0.5,535,5
371,43,0.63,Poor,0.89,611,2
372,43,0.62,Poor,0.87,227,2
373,34,0.35,Poor,0.74,646,3
374,42,0.59,Poor,0.9,598,2
375,49,0.88,Poor,0.95,118,1
376,17,0.07,Medium,0.5,247,4
377,21,0.1,Medium,0.58,434,4
378,22,0.12,Medium,0.58,627,4
379,16,0.06,Good,0.5,434,5
380,17,0.07,Good,0.47,221,5
381,33,0.34,Poor,0.79,332,3
382,47,0.74,Poor,0.94,162,2
383,15,0.05,Good,0.46,237,5
384,18,0.08,Good,0.55,350,5
385,35,0.37,Poor,0.73,87,3
386,50,0.84,Poor,0.96,142,2
387,27,0.2,Medium,0.67,159,4
388,15,0.05,Good,0.45,573,5
389,28,0.22,Poor,0.63,634,3
390,24,0.15,Medium,0.62,519,4
391,24,0.14,Medium,0.6,618,4
392,51,0.9,Poor,0.99,605,1
393,19,0.08,Medium,0.51,223,4
394,35,0.38,Poor,0.79,85,3
395,21,0.1,Medium,0.53,352,4
396,45,0.7,Poor,0.94,375,2
397,50,0.88,Poor,0.99,234,1
398,35,0.38,Poor,0.74,62,3
399,43,0.59,Poor,0.88,261,2
400,17,0.07,Good,0.52,215,5
401,15,0.05,Good,0.47,390,5
402,16,0.06,Good,0.5,575,5
403,51,0.95,Poor,1,564,1
404,29,0.23,Poor,0.7,467,3
405,16,0.06,Good,0.48,139,5
406,39,0.5,Poor,0.87,526,2
407,17,0.06,Good,0.47,586,5
408,51,0.9,Poor,0.94,154,1
409,39,0.49,Poor,0.83,207,2
410,17,0.07,Good,0.5,505,5
411,15,0.05,Good,0.48,476,5
412,52,0.98,Poor,0.99,266,1
413,36,0.4,Poor,0.75,62,3
414,36,0.38,Poor,0.83,160,3
415,39,0.48,Poor,0.78,562,2
416,35,0.38,Poor,0.82,551,3
417,22,0.12,Medium,0.56,566,4
418,43,0.63,Poor,0.9,229,2
419,32,0.3,Poor,0.69,364,3
420,21,0.11,Medium,0.57,622,4
421,51,0.95,Poor,0.93,68,1
422,41,0.55,Poor,0.83,166,3
423,52,0.98,Poor,1,202,1
424,36,0.4,Poor,0.75,380,3
425,15,0.05,Good,0.44,435,5
426,22,0.12,Medium,0.61,113,4
427,17,0.07,Good,0.5,415,5
428,52,0.95,Poor,0.94,585,1
429,50,0.9,Poor,1,140,1
430,16,0.05,Good,0.49,180,5
431,29,0.25,Poor,0.65,527,3
432,33,0.31,Poor,0.78,497,3
433,40,0.53,Poor,0.85,141,3
434,41,0.52,Poor,0.84,571,2
435,34,0.35,Poor,0.75,267,3
436,15,0.05,Good,0.46,478,5
437,35,0.37,Poor,0.73,141,3
438,48,0.78,Poor,0.94,489,2
439,38,0.43,Poor,0.79,642,3
440,18,0.08,Good,0.49,449,5
441,35,0.39,Poor,0.76,108,3
442,38,0.44,Poor,0.83,143,3
443,40,0.49,Poor,0.8,510,3
444,32,0.31,Poor,0.77,168,3
445,34,0.36,Poor,0.71,635,3
446,19,0.08,Medium,0.51,381,4
447,18,0.08,Medium,0.52,227,4
448,39,0.46,Poor,0.85,123,2
449,26,0.19,Medium,0.61,64,4
450,15,0.05,Good,0.44,357,5
451,49,0.84,Poor,0.94,545,2
452,27,0.2,Medium,0.68,388,4
453,29,0.22,Poor,0.69,156,3
454,20,0.1,Medium,0.56,335,4
455,51,0.94,Poor,0.96,587,1
456,44,0.61,Poor,0.84,626,2
457,25,0.16,Medium,0.64,591,4
458,45,0.66,Poor,0.92,360,2
459,37,0.42,Poor,0.78,305,3
460,17,0.07,Good,0.5,172,5
461,19,0.09,Medium,0.51,378,4
462,26,0.19,Medium,0.66,155,4
463,16,0.06,Good,0.5,359,5
464,21,0.11,Medium,0.54,102,4
465,34,0.35,Poor,0.75,121,3
466,50,0.85,Poor,0.92,105,2
467,29,0.23,Poor,0.67,254,3
468,20,0.09,Medium,0.58,128,4
469,34,0.35,Poor,0.74,450,3
470,40,0.5,Poor,0.85,384,2
471,52,0.96,Poor,1,368,1
472,15,0.05,Good,0.47,400,5
473,28,0.21,Poor,0.65,419,3
474,29,0.22,Poor,0.67,552,3
475,19,0.09,Medium,0.54,231,4
476,36,0.39,Poor,0.83,560,3
477,28,0.22,Poor,0.71,445,3
478,38,0.43,Poor,0.82,317,3
479,22,0.13,Medium,0.56,631,4
480,16,0.06,Good,0.47,158,5
481,23,0.13,Medium,0.62,636,4
482,16,0.06,Good,0.48,593,5
483,16,0.06,Good,0.45,70,5
484,42,0.6,Poor,0.85,104,2
485,17,0.07,Good,0.51,595,5
486,15,0.05,Good,0.44,616,5
487,39,0.5,Poor,0.79,589,3
488,41,0.55,Poor,0.87,163,2
489,23,0.14,Medium,0.56,426,4
490,16,0.06,Good,0.51,494,5
491,35,0.37,Poor,0.79,64,3
492,17,0.06,Good,0.47,353,5
493,50,0.88,Poor,0.98,449,1
494,48,0.77,Poor,0.96,134,2
495,50,0.91,Poor,0.91,277,1
496,26,0.19,Medium,0.66,367,4
497,50,0.88,Poor,0.96,431,1
498,16,0.06,Good,0.46,597,5
499,21,0.11,Medium,0.54,91,4
500,21,0.11,Medium,0.58,120,4
501,51,0.89,Poor,0.97,272,1
502,49,0.84,Poor,0.93,258,2
503,38,0.47,Poor,0.8,207,3
504,30,0.26,Poor,0.72,71,3
505,35,0.39,Poor,0.79,349,3
506,51,0.9,Poor,0.95,147,1
507,46,0.72,Poor,0.92,85,2
508,37,0.41,Poor,0.77,82,3
509,41,0.57,Poor,0.88,181,2
510,50,0.92,Poor,0.96,204,1
511,40,0.49,Poor,0.85,646,3
512,46,0.69,Poor,0.96,202,2
513,19,0.09,Medium,0.52,515,4
514,15,0.05,Good,0.47,84,5
515,15,0.05,Good,0.44,213,5
516,37,0.41,Poor,0.82,632,3
517,41,0.54,Poor,0.8,233,2
518,34,0.35,Poor,0.73,521,3
519,16,0.06,Good,0.51,411,5
520,44,0.65,Poor,0.93,418,2
521,48,0.79,Poor,0.91,557,2
522,32,0.29,Poor,0.77,324,3
523,15,0.05,Good,0.46,598,5
524,24,0.15,Medium,0.58,373,4
525,29,0.23,Medium,0.72,139,4
526,16,0.05,Good,0.45,160,5
527,36,0.4,Poor,0.81,564,3
528,21,0.1,Medium,0.57,412,4
529,39,0.48,Poor,0.86,233,2
530,51,0.89,Poor,0.97,263,1
531,33,0.34,Poor,0.77,208,3
532,15,0.05,Good,0.48,456,5
533,20,0.09,Medium,0.56,255,4
534,44,0.61,Poor,0.88,298,2
535,51,0.91,Poor,0.97,630,1
536,15,0.05,Good,0.48,331,5
537,52,0.95,Poor,0.93,361,1
538,34,0.33,Poor,0.8,553,3
539,51,0.94,Poor,0.97,394,1
540,49,0.88,Poor,0.98,630,1
541,52,0.95,Poor,0.99,639,1
542,46,0.72,Poor,0.89,445,2
543,51,0.96,Poor,1,534,1
544,38,0.43,Poor,0.81,132,3
545,34,0.35,Poor,0.75,388,3
546,22,0.13,Medium,0.6,453,4
547,31,0.28,Poor,0.74,586,3
548,33,0.31,Poor,0.78,134,3
549,38,0.44,Poor,0.8,138,2
550,27,0.2,Poor,0.67,473,3
551,38,0.46,Poor,0.77,207,2
552,47,0.77,Poor,0.96,73,2
553,34,0.35,Poor,0.8,401,3
554,16,0.06,Good,0.49,568,5
555,29,0.24,Medium,0.69,148,4
556,51,0.9,Poor,0.91,318,1
557,39,0.49,Poor,0.86,101,3
558,35,0.38,Poor,0.73,247,3
559,50,0.83,Poor,0.95,598,2
560,50,0.92,Poor,0.95,203,1
561,27,0.19,Poor,0.63,341,3
562,16,0.05,Good,0.45,448,5
563,28,0.22,Medium,0.69,407,4
564,15,0.05,Good,0.44,78,5
565,26,0.18,Medium,0.63,202,4
566,43,0.61,Poor,0.91,301,2
567,26,0.19,Medium,0.66,628,4
568,24,0.16,Medium,0.61,531,4
569,28,0.22,Poor,0.66,377,3
570,41,0.56,Poor,0.88,177,2
571,16,0.06,Good,0.48,248,5
572,17,0.06,Good,0.52,576,5
573,27,0.2,Medium,0.67,248,4
574,17,0.07,Good,0.51,546,5
575,34,0.34,Poor,0.8,111,3
576,16,0.06,Good,0.46,465,5
577,50,0.88,Poor,0.99,414,1
578,52,0.92,Poor,0.95,401,1
579,17,0.07,Good,0.52,624,5
580,42,0.55,Poor,0.86,551,2
581,25,0.16,Medium,0.61,643,4
582,15,0.05,Good,0.48,252,5
583,16,0.06,Good,0.5,104,5
584,50,0.88,Poor,0.97,360,1
585,30,0.26,Poor,0.66,390,3
586,30,0.26,Poor,0.69,423,3
587,48,0.75,Poor,0.94,498,2
588,32,0.31,Poor,0.71,141,3
589,16,0.06,Good,0.46,142,5
590,42,0.59,Poor,0.86,636,3
591,17,0.07,Good,0.53,237,5
592,45,0.69,Poor,0.87,248,2
593,16,0.06,Good,0.45,162,5
594,49,0.83,Poor,0.93,525,2
595,48,0.79,Poor,0.94,429,2
596,32,0.31,Poor,0.72,372,3
597,25,0.17,Medium,0.67,585,4
598,24,0.15,Medium,0.62,548,4
599,30,0.27,Poor,0.67,571,3
600,51,0.91,Poor,0.96,623,1
601,17,0.06,Good,0.51,316,5
602,16,0.06,Good,0.48,176,5
603,37,0.42,Poor,0.84,295,3
604,35,0.36,Poor,0.8,130,3
605,46,0.75,Poor,0.9,475,2
606,17,0.06,Good,0.48,567,5
607,15,0.05,Good,0.49,189,5
608,15,0.05,Good,0.46,320,5
609,24,0.15,Medium,0.58,570,4
610,26,0.18,Medium,0.61,595,4
611,29,0.24,Medium,0.66,319,4
612,31,0.28,Poor,0.75,444,3
613,38,0.44,Poor,0.82,498,3
614,17,0.06,Good,0.47,151,5
615,46,0.7,Poor,0.86,230,2
616,22,0.12,Medium,0.61,372,4
617,26,0.17,Medium,0.67,119,4
618,15,0.05,Good,0.45,227,5
619,16,0.06,Good,0.48,315,5
620,16,0.05,Good,0.48,543,5
621,15,0.05,Good,0.45,565,5
622,32,0.31,Poor,0.75,466,3
623,20,0.1,Medium,0.58,593,4
624,16,0.06,Good,0.5,69,5
625,38,0.43,Poor,0.78,411,3
626,38,0.44,Poor,0.77,456,3
627,45,0.66,Poor,0.93,179,2
628,28,0.23,Medium,0.71,352,4
629,52,0.99,Poor,0.94,492,1
630,50,0.88,Poor,0.95,114,1
631,49,0.82,Poor,1,505,2
632,52,0.96,Poor,1,197,1
633,52,0.92,Poor,0.93,437,1
634,41,0.56,Poor,0.82,564,2
635,21,0.11,Medium,0.58,622,4
636,38,0.45,Poor,0.84,558,3
637,52,0.95,Poor,1,101,1
638,24,0.15,Medium,0.61,458,4
639,37,0.4,Poor,0.85,170,3
640,36,0.39,Poor,0.75,101,3
641,52,0.98,Poor,0.93,143,1
642,52,0.96,Poor,0.95,622,1
643,19,0.09,Medium,0.5,499,4
644,19,0.09,Medium,0.55,198,4
645,16,0.06,Good,0.47,363,5
646,19,0.08,Medium,0.53,409,4
647,16,0.05,Good,0.47,511,5
648,17,0.07,Good,0.51,446,5
649,51,0.9,Poor,0.96,279,1
650,48,0.8,Poor,0.96,372,2
651,17,0.07,Good,0.48,375,5
652,34,0.34,Poor,0.75,514,3
653,26,0.18,Medium,0.66,177,4
654,27,0.2,Medium,0.64,374,4
655,49,0.83,Poor,0.96,127,2
656,16,0.06,Good,0.48,551,5
657,30,0.25,Poor,0.67,102,3
658,22,0.12,Medium,0.6,599,4
659,27,0.2,Medium,0.65,491,4
660,41,0.54,Poor,0.86,562,3
661,37,0.41,Poor,0.83,566,3
662,36,0.39,Poor,0.8,524,3
663,15,0.05,Good,0.47,486,5
664,40,0.52,Poor,0.86,138,3
665,47,0.74,Poor,0.9,264,2
666,15,0.05,Good,0.47,217,5
667,51,0.94,Poor,0.93,539,1
668,28,0.22,Poor,0.71,628,3
669,49,0.83,Poor,0.98,152,2
670,33,0.34,Poor,0.75,637,3
671,18,0.07,Medium,0.54,125,4
672,23,0.14,Medium,0.62,102,4
673,43,0.63,Poor,0.87,440,2
674,51,0.91,Poor,0.96,275,1
675,39,0.46,Poor,0.83,165,3
676,22,0.12,Medium,0.55,169,4
677,30,0.25,Poor,0.67,378,3
678,32,0.29,Poor,0.73,477,3
679,33,0.31,Poor,0.72,570,3
680,47,0.74,Poor,0.95,202,2
681,17,0.07,Medium,0.51,521,4
682,38,0.45,Poor,0.85,271,3
683,40,0.52,Poor,0.81,144,2
684,36,0.41,Poor,0.82,211,3
685,43,0.58,Poor,0.87,492,2
686,45,0.65,Poor,0.86,632,2
687,16,0.06,Good,0.45,189,5
688,16,0.05,Good,0.47,580,5
689,26,0.19,Medium,0.65,135,4
690,19,0.08,Medium,0.51,639,4
691,52,0.97,Poor,0.95,217,1
692,44,0.64,Poor,0.89,587,2
693,42,0.56,Poor,0.85,608,2
694,37,0.44,Poor,0.82,386,3
695,52,0.98,Poor,1,303,1
696,48,0.8,Poor,0.92,645,2
697,15,0.05,Good,0.47,314,5
698,36,0.41,Poor,0.74,301,3
699,16,0.06,Good,0.47,579,5
700,16,0.06,Good,0.45,519,5
701,38,0.48,Poor,0.79,165,3
702,51,0.91,Poor,0.95,460,1
703,34,0.34,Poor,0.76,339,3
704,35,0.35,Poor,0.79,348,3
705,17,0.07,Good,0.47,341,5
706,52,1,Poor,0.98,505,1
707,36,0.41,Poor,0.79,198,3
708,36,0.39,Poor,0.82,486,3
709,51,0.95,Poor,0.98,460,1
710,21,0.11,Medium,0.58,409,4
711,17,0.07,Good,0.5,276,5
712,38,0.44,Poor,0.82,495,3
713,29,0.25,Poor,0.73,223,3
714,24,0.15,Medium,0.6,629,4
715,51,0.88,Poor,0.92,449,1
716,23,0.14,Medium,0.63,143,4
717,39,0.49,Poor,0.87,193,3
718,43,0.58,Poor,0.86,272,2
719,43,0.58,Poor,0.89,628,2
720,19,0.08,Medium,0.54,621,4
721,52,0.98,Poor,0.98,459,1
722,31,0.27,Poor,0.72,372,3
723,25,0.17,Medium,0.6,645,4
724,15,0.05,Good,0.47,527,5
725,16,0.06,Good,0.45,81,5
726,16,0.06,Good,0.49,519,5
727,15,0.05,Good,0.45,64,5
728,27,0.21,Medium,0.7,333,4
729,49,0.84,Poor,0.93,366,2
730,28,0.21,Poor,0.66,144,3
731,36,0.41,Poor,0.83,187,3
732,27,0.2,Medium,0.65,337,4
733,40,0.52,Poor,0.84,205,2
734,51,0.95,Poor,0.98,500,1
735,50,0.88,Poor,0.96,573,1
736,44,0.66,Poor,0.89,118,2
737,36,0.38,Poor,0.78,459,3
738,34,0.35,Poor,0.79,247,3
739,15,0.05,Good,0.46,547,5
740,25,0.17,Medium,0.64,101,4
741,50,0.92,Poor,0.95,216,1
742,44,0.66,Poor,0.91,465,2
743,34,0.35,Poor,0.77,424,3
744,17,0.06,Good,0.49,304,5
745,45,0.69,Poor,0.93,575,2
746,26,0.19,Medium,0.68,307,4
747,17,0.07,Good,0.51,410,5
748,46,0.75,Poor,0.9,253,2
749,38,0.43,Poor,0.79,558,3
750,17,0.06,Good,0.52,447,5
751,36,0.38,Poor,0.82,533,3
752,35,0.36,Poor,0.79,402,3
753,48,0.76,Poor,0.98,123,2
754,36,0.4,Poor,0.83,560,3
755,50,0.88,Poor,0.99,500,1
756,20,0.1,Medium,0.55,195,4
757,24,0.16,Medium,0.65,178,4
758,51,0.91,Poor,1,579,1
759,37,0.44,Poor,0.78,291,3
760,15,0.05,Good,0.44,244,5
761,42,0.59,Poor,0.88,642,2
762,29,0.25,Medium,0.69,240,4
763,16,0.05,Good,0.5,162,5
764,30,0.26,Medium,0.7,280,4
765,52,0.96,Poor,0.93,492,1
766,37,0.42,Poor,0.79,214,3
767,28,0.23,Poor,0.67,107,3
768,15,0.05,Good,0.45,468,5
769,18,0.07,Good,0.54,325,5
770,50,0.86,Poor,0.92,154,2
771,35,0.38,Poor,0.77,162,3
772,16,0.05,Good,0.46,161,5
773,22,0.12,Medium,0.56,574,4
774,37,0.43,Poor,0.76,372,3
775,25,0.16,Medium,0.63,640,4
776,30,0.27,Poor,0.69,504,3
777,45,0.65,Poor,0.93,608,2
778,28,0.22,Poor,0.67,572,3
779,27,0.2,Medium,0.65,277,4
780,52,0.95,Poor,0.92,205,1
781,15,0.05,Good,0.46,112,5
782,39,0.47,Poor,0.87,368,3
783,27,0.2,Medium,0.68,428,4
784,15,0.05,Good,0.43,590,5
785,27,0.19,Poor,0.62,553,3
786,22,0.13,Medium,0.6,530,4
787,26,0.17,Medium,0.61,349,4
788,26,0.18,Medium,0.64,387,4
789,43,0.62,Poor,0.88,349,2
790,48,0.81,Poor,0.95,207,2
791,25,0.16,Medium,0.63,525,4
792,51,0.92,Poor,0.97,430,1
793,46,0.72,Poor,0.92,426,2
794,42,0.6,Poor,0.9,128,2
795,25,0.17,Medium,0.65,60,4
796,44,0.67,Poor,0.9,120,2
797,30,0.27,Poor,0.67,418,3
798,45,0.68,Poor,0.93,386,2
799,29,0.23,Poor,0.67,65,3
800,51,0.9,Poor,0.96,390,1
801,46,0.73,Poor,0.89,247,2
802,51,0.96,Poor,0.98,70,1
803,17,0.07,Good,0.48,90,5
804,42,0.56,Poor,0.89,422,2
805,35,0.37,Poor,0.8,562,3
806,50,0.88,Poor,0.97,150,1
807,18,0.08,Medium,0.52,369,4
808,32,0.3,Poor,0.71,311,3
809,15,0.05,Good,0.49,373,5
810,34,0.34,Poor,0.77,448,3
811,31,0.28,Poor,0.7,267,3
812,26,0.18,Medium,0.61,387,4
813,21,0.11,Medium,0.59,83,4
814,16,0.06,Good,0.49,155,5
815,51,0.94,Poor,1,354,1
816,15,0.05,Good,0.49,84,5
817,27,0.21,Medium,0.63,64,4
818,39,0.48,Poor,0.82,550,3
819,37,0.44,Poor,0.82,366,3
820,50,0.88,Poor,0.91,380,1
821,36,0.41,Poor,0.79,542,3
822,51,0.9,Poor,0.98,300,1
823,31,0.26,Poor,0.7,303,3
824,51,0.93,Poor,0.97,213,1
825,29,0.23,Poor,0.66,168,3
826,15,0.05,Good,0.46,491,5
827,44,0.61,Poor,0.87,471,2
828,35,0.36,Poor,0.76,270,3
829,31,0.27,Poor,0.76,533,3
830,50,0.89,Poor,0.97,438,1
831,40,0.49,Poor,0.81,437,3
832,16,0.05,Good,0.5,540,5
833,23,0.13,Medium,0.62,165,4
834,43,0.59,Poor,0.89,150,2
835,37,0.44,Poor,0.84,197,3
836,39,0.48,Poor,0.87,104,3
837,15,0.05,Good,0.46,537,5
838,19,0.09,Medium,0.54,146,4
839,18,0.07,Good,0.52,383,5
840,38,0.46,Poor,0.8,627,3
841,15,0.05,Good,0.46,534,5
842,52,0.96,Poor,0.97,140,1
843,29,0.24,Poor,0.72,250,3
844,38,0.43,Poor,0.8,72,3
845,31,0.28,Poor,0.75,510,3
846,50,0.88,Poor,0.93,356,1
847,20,0.1,Medium,0.53,381,4
848,17,0.07,Good,0.52,190,5
849,30,0.26,Poor,0.66,442,3
850,29,0.23,Poor,0.72,449,3
851,20,0.1,Medium,0.58,400,4
852,43,0.63,Poor,0.83,438,2
853,41,0.52,Poor,0.87,137,2
854,16,0.06,Good,0.48,170,5
855,17,0.06,Good,0.47,339,5
856,26,0.19,Medium,0.62,444,4
857,52,0.98,Poor,0.92,394,1
858,15,0.05,Good,0.49,236,5
859,27,0.2,Poor,0.63,451,3
860,18,0.08,Medium,0.5,361,4
861,42,0.58,Poor,0.81,233,2
862,31,0.29,Poor,0.74,604,3
863,18,0.08,Medium,0.55,144,4
864,23,0.14,Medium,0.62,522,4
865,19,0.08,Medium,0.52,599,4
866,16,0.06,Medium,0.47,645,4
867,16,0.05,Good,0.45,333,5
868,50,0.91,Poor,0.92,102,1
869,30,0.25,Poor,0.74,324,3
870,49,0.84,Poor,0.95,315,2
871,30,0.24,Poor,0.74,474,3
872,39,0.46,Poor,0.84,392,3
873,17,0.06,Good,0.47,60,5
874,25,0.17,Medium,0.6,523,4
875,30,0.27,Poor,0.72,161,3
876,34,0.34,Poor,0.77,457,3
877,32,0.3,Poor,0.74,135,3
878,16,0.06,Good,0.45,81,5
879,36,0.42,Poor,0.79,137,3
880,17,0.06,Good,0.53,283,5
881,17,0.06,Good,0.5,459,5
882,15,0.05,Good,0.47,526,5
883,37,0.4,Poor,0.81,273,3
884,49,0.86,Poor,0.94,398,2
885,18,0.08,Medium,0.48,83,4
886,16,0.06,Good,0.51,210,5
887,15,0.05,Good,0.46,145,5
888,15,0.05,Good,0.47,365,5
889,16,0.06,Good,0.51,548,5
890,26,0.18,Medium,0.68,336,4
891,27,0.2,Medium,0.69,177,4
892,20,0.1,Medium,0.58,350,4
893,51,0.89,Poor,0.97,491,1
894,22,0.12,Medium,0.57,458,4
895,39,0.48,Poor,0.86,422,3
896,34,0.35,Poor,0.77,294,3
897,27,0.21,Medium,0.7,215,4
898,50,0.89,Poor,1,433,1
899,32,0.31,Poor,0.69,353,3
900,47,0.72,Poor,0.96,254,2
901,41,0.54,Poor,0.88,451,2
902,18,0.08,Medium,0.52,534,4
903,28,0.21,Poor,0.71,102,3
904,32,0.31,Poor,0.76,327,3
905,29,0.24,Poor,0.69,261,3
906,51,0.93,Poor,1,422,1
907,18,0.08,Medium,0.49,451,4
908,51,0.95,Poor,0.94,614,1
909,40,0.53,Poor,0.87,196,3
910,48,0.75,Poor,0.95,169,2
911,16,0.06,Good,0.46,246,5
912,31,0.27,Poor,0.67,266,3
913,50,0.89,Poor,0.94,106,1
914,50,0.88,Poor,0.92,302,1
915,27,0.21,Poor,0.63,295,3
916,16,0.06,Good,0.45,117,5
917,51,0.87,Poor,0.98,530,2
918,23,0.13,Medium,0.57,470,4
919,15,0.05,Good,0.47,341,5
920,17,0.07,Good,0.47,317,5
921,46,0.75,Poor,0.91,297,2
922,18,0.08,Good,0.53,587,5
923,15,0.05,Good,0.46,349,5
924,48,0.75,Poor,0.89,124,2
925,21,0.11,Medium,0.58,414,4
926,26,0.19,Medium,0.68,107,4
927,15,0.05,Good,0.48,350,5
928,34,0.36,Poor,0.75,362,3
929,17,0.07,Good,0.51,524,5
930,24,0.16,Medium,0.58,152,4
931,26,0.18,Medium,0.63,90,4
932,21,0.11,Medium,0.58,261,4
933,49,0.88,Poor,0.93,625,1
934,15,0.05,Good,0.46,584,5
935,51,0.93,Poor,0.98,340,1
936,15,0.05,Good,0.47,233,5
937,32,0.29,Poor,0.76,363,3
938,51,0.9,Poor,0.93,344,1
939,37,0.44,Poor,0.77,645,3
940,52,1,Poor,0.92,338,1
941,50,0.86,Poor,0.94,289,2
942,27,0.21,Poor,0.7,319,3
943,42,0.57,Poor,0.9,217,2
944,23,0.13,Medium,0.62,583,4
945,50,0.88,Poor,1,99,1
946,25,0.17,Medium,0.62,244,4
947,35,0.38,Poor,0.76,161,3
948,49,0.84,Poor,0.92,375,2
949,38,0.48,Poor,0.8,236,3
950,36,0.4,Poor,0.82,305,3
951,29,0.24,Poor,0.68,636,3
952,35,0.38,Poor,0.77,475,3
953,44,0.64,Poor,0.85,330,2
954,39,0.46,Poor,0.81,127,2
955,29,0.24,Poor,0.65,382,3
956,52,0.91,Poor,0.98,461,1
957,48,0.83,Poor,0.91,81,2
958,33,0.34,Poor,0.75,102,3
959,51,0.95,Poor,0.94,304,1
960,17,0.06,Good,0.52,375,5
961,47,0.73,Poor,0.95,117,2
962,15,0.05,Good,0.47,374,5
963,31,0.29,Poor,0.75,200,3
964,23,0.13,Medium,0.63,590,4
965,15,0.05,Good,0.47,579,5
966,52,0.95,Poor,0.93,61,1
967,51,0.9,Poor,0.99,595,1
968,52,0.99,Poor,0.94,434,1
969,15,0.05,Good,0.44,287,5
970,16,0.05,Good,0.46,117,5
971,15,0.05,Good,0.44,554,5
972,26,0.19,Medium,0.68,592,4
973,15,0.05,Good,0.46,526,5
974,51,0.94,Poor,0.95,423,1
975,33,0.34,Poor,0.77,134,3
976,40,0.53,Poor,0.85,439,3
977,51,0.91,Poor,0.99,203,1
978,49,0.82,Poor,0.91,540,2
979,33,0.31,Poor,0.72,236,3
980,20,0.09,Medium,0.57,274,4
981,51,0.95,Poor,0.98,415,1
982,31,0.29,Poor,0.68,483,3
983,51,0.93,Poor,0.93,641,1
984,45,0.67,Poor,0.9,79,2
985,40,0.52,Poor,0.85,245,2
986,37,0.41,Poor,0.78,260,3
987,45,0.67,Poor,0.94,485,2
988,15,0.05,Good,0.43,162,5
989,19,0.09,Medium,0.51,363,4
990,39,0.49,Poor,0.81,626,2
991,28,0.22,Medium,0.69,380,4
992,36,0.38,Poor,0.77,468,3
993,52,0.96,Poor,0.99,641,1
994,49,0.88,Poor,0.94,634,1
995,51,0.94,Poor,0.93,269,1
996,32,0.3,Poor,0.72,360,3
997,30,0.26,Poor,0.7,414,3
998,41,0.52,Poor,0.81,106,2
999,32,0.31,Poor,0.77,185,3
1000,19,0.09,Medium,0.55,199,4
1001,52,0.91,Poor,0.96,282,1
1002,32,0.31,Poor,0.69,252,3
1003,28,0.22,Poor,0.7,426,3
1004,51,0.94,Poor,0.95,134,1
1005,18,0.07,Medium,0.51,98,4
1006,51,0.92,Poor,0.95,139,1
1007,42,0.59,Poor,0.85,200,2
1008,51,0.93,Poor,1,496,1
1009,16,0.06,Good,0.49,301,5
1010,29,0.25,Poor,0.69,325,3
1011,45,0.69,Poor,0.9,609,2
1012,38,0.47,Poor,0.84,536,2
1013,43,0.62,Poor,0.91,296,2
1014,43,0.6,Poor,0.87,76,2
1015,20,0.09,Medium,0.55,581,4
1016,31,0.29,Poor,0.71,158,3
1017,16,0.06,Medium,0.47,253,4
1018,28,0.21,Poor,0.71,408,3
1019,31,0.28,Poor,0.7,149,3
1020,21,0.11,Medium,0.56,557,4
1021,18,0.07,Medium,0.53,516,4
1022,16,0.06,Good,0.48,455,5
1023,16,0.06,Good,0.46,609,5
1024,15,0.05,Good,0.48,537,5
1025,51,0.89,Poor,0.95,77,1
1026,29,0.22,Poor,0.66,265,3
1027,50,0.88,Poor,0.99,460,1
1028,50,0.92,Poor,1,409,1
1029,52,0.99,Poor,0.93,630,1
1030,15,0.05,Good,0.48,180,5
1031,31,0.29,Poor,0.69,377,3
1032,39,0.46,Poor,0.85,87,3
1033,45,0.67,Poor,0.9,538,2
1034,30,0.25,Poor,0.67,381,3
1035,51,0.9,Poor,1,319,1
1036,30,0.27,Poor,0.7,514,3
1037,46,0.69,Poor,0.97,512,2
1038,17,0.07,Good,0.53,246,5
1039,17,0.06,Good,0.48,615,5
1040,21,0.11,Medium,0.56,139,4
1041,51,0.88,Poor,1,89,1
1042,17,0.06,Good,0.51,525,5
1043,28,0.22,Medium,0.68,245,4
1044,51,0.94,Poor,0.99,424,1
1045,33,0.33,Poor,0.77,503,3
1046,41,0.52,Poor,0.86,393,2
1047,43,0.6,Poor,0.89,457,2
1048,52,1,Poor,0.96,543,1
1049,36,0.39,Poor,0.79,505,3
1050,41,0.54,Poor,0.87,470,3
1051,52,0.95,Poor,0.97,228,1
1052,27,0.19,Medium,0.69,428,4
1053,20,0.09,Medium,0.53,466,4
1054,21,0.11,Medium,0.55,628,4
1055,51,0.96,Poor,0.92,346,1
1056,20,0.1,Medium,0.55,350,4
1057,19,0.09,Medium,0.52,604,4
1058,19,0.09,Medium,0.53,646,4
1059,23,0.13,Medium,0.6,406,4
1060,34,0.35,Poor,0.76,333,3
1061,52,0.95,Poor,1,514,1
1062,43,0.63,Poor,0.87,607,2
1063,20,0.1,Medium,0.52,422,4
1064,23,0.13,Medium,0.6,427,4
1065,16,0.05,Good,0.46,569,5
1066,28,0.22,Poor,0.64,535,3
1067,15,0.05,Good,0.44,124,5
1068,21,0.1,Medium,0.57,341,4
1069,16,0.06,Good,0.48,82,5
1070,36,0.39,Poor,0.78,322,3
1071,15,0.05,Good,0.48,333,5
1072,26,0.18,Medium,0.62,254,4
1073,32,0.29,Poor,0.77,174,3
1074,17,0.07,Medium,0.48,275,4
1075,34,0.35,Poor,0.77,229,3
1076,24,0.15,Medium,0.65,463,4
1077,19,0.08,Medium,0.56,324,4
1078,18,0.08,Medium,0.51,539,4
1079,31,0.29,Poor,0.68,541,3
1080,31,0.29,Poor,0.74,274,3
1081,41,0.53,Poor,0.81,211,2
1082,15,0.05,Good,0.45,197,5
1083,49,0.84,Poor,0.91,501,2
1084,45,0.71,Poor,0.85,86,2
1085,47,0.79,Poor,0.98,280,2
1086,20,0.09,Medium,0.56,532,4
1087,34,0.35,Poor,0.75,218,3
1088,18,0.07,Medium,0.48,486,4
1089,52,0.97,Poor,0.93,263,1
1090,33,0.32,Poor,0.73,258,3
1091,45,0.66,Poor,0.85,549,2
1092,40,0.51,Poor,0.86,628,3
1093,51,0.91,Poor,0.97,417,1
1094,51,0.96,Poor,0.99,583,1
1095,29,0.25,Poor,0.72,192,3
1096,38,0.47,Poor,0.8,276,3
1097,20,0.09,Medium,0.53,548,4
1098,46,0.71,Poor,0.89,647,2
1099,51,0.88,Poor,0.97,384,1
1100,25,0.17,Medium,0.63,221,4
1101,15,0.05,Good,0.46,580,5
1102,23,0.14,Medium,0.57,160,4
1103,20,0.1,Medium,0.56,217,4
1104,30,0.25,Poor,0.73,395,3
1105,23,0.13,Medium,0.62,130,4
1106,39,0.48,Poor,0.78,650,3
1107,22,0.13,Medium,0.55,409,4
1108,45,0.68,Poor,0.89,525,2
1109,29,0.22,Poor,0.69,72,3
1110,28,0.22,Poor,0.71,620,3
1111,40,0.51,Poor,0.83,402,2
1112,35,0.38,Poor,0.79,631,3
1113,49,0.83,Poor,0.97,187,2
1114,29,0.24,Poor,0.72,218,3
1115,19,0.08,Medium,0.52,89,4
1116,28,0.22,Medium,0.65,353,4
1117,37,0.44,Poor,0.75,362,3
1118,16,0.06,Good,0.48,612,5
1119,38,0.43,Poor,0.84,336,2
1120,45,0.66,Poor,0.92,586,2
1121,18,0.07,Medium,0.52,327,4
1122,30,0.27,Poor,0.69,128,3
1123,15,0.05,Good,0.48,461,5
1124,52,0.98,Poor,0.98,87,1
1125,23,0.13,Medium,0.62,284,4
1126,46,0.68,Poor,0.94,395,2
1127,20,0.09,Medium,0.54,446,4
1128,15,0.05,Good,0.49,254,5
1129,15,0.05,Good,0.45,391,5
1130,44,0.67,Poor,0.85,491,2
1131,51,0.93,Poor,0.94,180,1
1132,15,0.05,Good,0.44,275,5
1133,35,0.38,Poor,0.79,580,3
1134,52,1,Poor,0.99,248,1
1135,20,0.1,Medium,0.55,290,4
1136,25,0.16,Medium,0.59,418,4
1137,15,0.05,Good,0.47,205,5
1138,39,0.5,Poor,0.84,455,3
1139,50,0.88,Poor,0.9,124,1
1140,15,0.05,Good,0.45,578,5
1141,37,0.41,Poor,0.75,301,3
1142,17,0.06,Good,0.53,147,5
1143,18,0.08,Medium,0.49,127,4
1144,38,0.45,Poor,0.82,488,3
1145,44,0.65,Poor,0.87,108,2
1146,28,0.21,Poor,0.67,479,3
1147,19,0.08,Medium,0.52,176,4
1148,16,0.06,Good,0.49,243,5
1149,39,0.5,Poor,0.8,390,2
1150,43,0.63,Poor,0.87,615,2
1151,51,0.95,Poor,0.97,119,1
1152,20,0.1,Medium,0.54,220,4
1153,27,0.21,Poor,0.63,102,3
1154,15,0.05,Good,0.46,407,5
1155,52,0.99,Poor,0.98,347,1
1156,51,0.91,Poor,0.97,604,1
1157,24,0.15,Medium,0.64,534,4
1158,51,0.88,Poor,0.92,635,1
1159,20,0.1,Medium,0.58,180,4
1160,19,0.08,Medium,0.53,254,4
1161,19,0.09,Medium,0.51,118,4
1162,15,0.05,Good,0.48,234,5
1163,41,0.53,Poor,0.83,89,3
1164,46,0.74,Poor,0.94,81,2
1165,28,0.22,Medium,0.69,336,4
1166,21,0.11,Medium,0.59,455,4
1167,17,0.06,Good,0.49,206,5
1168,28,0.21,Medium,0.65,535,4
1169,50,0.92,Poor,0.94,259,1
1170,46,0.69,Poor,0.9,430,2
1171,16,0.06,Good,0.45,534,5
1172,16,0.06,Good,0.45,500,5
1173,50,0.84,Poor,0.98,379,2
1174,30,0.25,Medium,0.71,392,4
1175,23,0.14,Medium,0.63,149,4
1176,49,0.83,Poor,0.95,393,2
1177,30,0.24,Poor,0.71,480,3
1178,22,0.13,Medium,0.56,220,4
1179,19,0.09,Medium,0.52,620,4
1180,30,0.27,Poor,0.68,458,3
1181,32,0.31,Poor,0.69,639,3
1182,15,0.05,Good,0.49,309,5
1183,44,0.67,Poor,0.92,596,2
1184,27,0.2,Medium,0.64,537,4
1185,18,0.08,Good,0.53,375,5
1186,43,0.58,Poor,0.91,573,2
1187,39,0.51,Poor,0.86,261,3
1188,51,0.91,Poor,1,579,1
1189,44,0.65,Poor,0.91,455,2
1190,36,0.4,Poor,0.79,360,3
1191,22,0.13,Medium,0.59,470,4
1192,37,0.44,Poor,0.82,431,3
1193,47,0.72,Poor,0.97,527,2
1194,50,0.91,Poor,0.98,136,1
1195,37,0.4,Poor,0.76,621,3
1196,28,0.23,Poor,0.66,552,3
1197,16,0.06,Good,0.5,283,5
1198,42,0.56,Poor,0.86,628,2
1199,27,0.21,Medium,0.64,421,4
1200,34,0.36,Poor,0.77,164,3
1201,17,0.07,Good,0.47,393,5
1202,25,0.17,Medium,0.65,115,4
1203,20,0.1,Medium,0.54,518,4
1204,47,0.75,Poor,0.97,284,2
1205,52,0.98,Poor,1,630,1
1206,50,0.88,Poor,0.96,374,1
1207,50,0.89,Poor,0.98,395,1
1208,33,0.31,Poor,0.74,165,3
1209,39,0.48,Poor,0.87,623,2
1210,47,0.74,Poor,0.91,124,2
1211,15,0.05,Good,0.45,96,5
1212,20,0.1,Medium,0.52,358,4
1213,51,0.9,Poor,0.95,181,1
1214,27,0.21,Medium,0.63,540,4
1215,46,0.68,Poor,0.91,411,2
1216,22,0.12,Medium,0.56,367,4
1217,22,0.12,Medium,0.59,519,4
1218,30,0.27,Poor,0.66,325,3
1219,52,0.95,Poor,0.96,338,1
1220,16,0.06,Good,0.46,131,5
1221,48,0.83,Poor,0.9,135,2
1222,21,0.1,Medium,0.58,265,4
1223,51,0.95,Poor,0.95,174,1
1224,45,0.71,Poor,0.87,103,2
1225,30,0.26,Poor,0.66,648,3
1226,29,0.22,Poor,0.65,483,3
1227,28,0.21,Medium,0.67,276,4
1228,24,0.16,Medium,0.64,291,4
1229,31,0.27,Poor,0.7,378,3
1230,39,0.5,Poor,0.84,113,2
1231,36,0.4,Poor,0.82,222,3
1232,15,0.05,Good,0.47,634,5
1233,44,0.61,Poor,0.87,568,2
1234,52,0.92,Poor,1,561,1
1235,18,0.08,Medium,0.5,316,4
1236,29,0.22,Medium,0.68,587,4
1237,52,0.99,Poor,0.96,210,1
1238,36,0.39,Poor,0.79,210,3
1239,20,0.09,Medium,0.54,231,4
1240,31,0.28,Poor,0.76,303,3
1241,47,0.74,Poor,0.93,365,2
1242,15,0.05,Good,0.48,272,5
1243,33,0.34,Poor,0.77,63,3
1244,50,0.91,Poor,0.93,621,1
1245,35,0.36,Poor,0.82,507,3
1246,51,0.91,Poor,0.99,623,1
1247,23,0.14,Medium,0.58,156,4
1248,36,0.39,Poor,0.82,181,3
1249,30,0.25,Poor,0.73,231,3
1250,19,0.08,Medium,0.53,160,4
1251,18,0.08,Medium,0.5,541,4
1252,48,0.83,Poor,0.95,162,2
1253,32,0.31,Poor,0.75,338,3
1254,44,0.68,Poor,0.89,106,2
1255,16,0.06,Good,0.48,273,5
1256,24,0.15,Medium,0.63,475,4
1257,36,0.41,Poor,0.75,304,3
1258,15,0.05,Good,0.47,372,5
1259,45,0.69,Poor,0.94,219,2
1260,30,0.25,Poor,0.72,328,3
1261,33,0.32,Poor,0.78,524,3
1262,19,0.08,Medium,0.53,500,4
1263,51,0.96,Poor,0.96,595,1
1264,16,0.06,Good,0.46,237,5
1265,36,0.41,Poor,0.78,243,3
1266,22,0.13,Medium,0.56,190,4
1267,50,0.9,Poor,0.98,498,1
1268,20,0.1,Medium,0.53,585,4
1269,49,0.85,Poor,0.99,555,2
1270,27,0.2,Poor,0.69,547,3
1271,33,0.33,Poor,0.77,632,3
1272,51,0.95,Poor,0.99,490,1
1273,31,0.28,Poor,0.7,600,3
1274,51,0.89,Poor,0.96,619,1
1275,22,0.13,Medium,0.62,117,4
1276,34,0.33,Poor,0.77,134,3
1277,45,0.68,Poor,0.92,237,2
1278,20,0.09,Medium,0.52,587,4
1279,15,0.05,Good,0.46,392,5
1280,51,0.88,Poor,0.97,437,1
1281,51,0.96,Poor,0.99,404,1
1282,37,0.44,Poor,0.81,400,3
1283,45,0.7,Poor,0.89,441,2
1284,16,0.06,Good,0.49,348,5
1285,40,0.54,Poor,0.86,179,2
1286,15,0.05,Good,0.47,237,5
1287,17,0.07,Good,0.52,389,5
1288,50,0.88,Poor,0.98,227,1
1289,21,0.11,Medium,0.54,217,4
1290,31,0.28,Poor,0.74,249,3
1291,36,0.38,Poor,0.77,451,3
1292,15,0.05,Good,0.44,69,5
1293,15,0.05,Good,0.44,182,5
1294,26,0.19,Medium,0.61,258,4
1295,40,0.5,Poor,0.86,347,3
1296,51,0.89,Poor,1,399,1
1297,20,0.09,Medium,0.54,126,4
1298,39,0.47,Poor,0.86,626,3
1299,42,0.58,Poor,0.87,516,2
1300,20,0.09,Medium,0.54,97,4
1301,38,0.48,Poor,0.84,502,3
1302,18,0.08,Medium,0.51,418,4
1303,52,0.94,Poor,0.92,566,1
1304,43,0.59,Poor,0.87,238,2
1305,23,0.14,Medium,0.58,626,4
1306,16,0.06,Good,0.47,236,5
1307,52,0.91,Poor,0.93,247,1
1308,39,0.51,Poor,0.81,372,2
1309,33,0.33,Poor,0.77,279,3
1310,16,0.06,Good,0.47,491,5
1311,28,0.21,Poor,0.65,429,3
1312,46,0.73,Poor,0.97,215,2
1313,33,0.33,Poor,0.7,90,3
1314,15,0.05,Good,0.46,491,5
1315,17,0.07,Good,0.52,68,5
1316,45,0.68,Poor,0.94,499,2
1317,36,0.4,Poor,0.74,570,3
1318,51,0.87,Poor,0.99,518,2
1319,37,0.45,Poor,0.84,462,3
1320,51,0.95,Poor,0.97,413,1
1321,50,0.88,Poor,0.95,437,1
1322,15,0.05,Good,0.45,441,5
1323,52,0.94,Poor,0.98,399,1
1324,17,0.06,Good,0.47,489,5
1325,15,0.05,Good,0.46,127,5
1326,32,0.3,Poor,0.71,140,3
1327,20,0.1,Medium,0.53,333,4
1328,16,0.05,Good,0.49,456,5
1329,52,0.93,Poor,0.92,561,1
1330,52,0.91,Poor,0.99,504,1
1331,26,0.17,Medium,0.66,532,4
1332,34,0.35,Poor,0.77,307,3
1333,34,0.36,Poor,0.72,262,3
1334,37,0.45,Poor,0.77,387,3
1335,32,0.31,Poor,0.72,485,3
1336,51,0.89,Poor,0.92,86,1
1337,36,0.41,Poor,0.82,397,3
1338,15,0.05,Good,0.44,484,5
1339,31,0.29,Poor,0.72,349,3
1340,51,0.88,Poor,0.98,289,1
1341,35,0.36,Poor,0.73,237,3
1342,28,0.21,Poor,0.67,489,3
1343,50,0.9,Poor,0.92,149,1
1344,50,0.88,Poor,0.99,488,1
1345,33,0.31,Poor,0.77,322,3
1346,33,0.31,Poor,0.74,331,3
1347,25,0.16,Medium,0.6,459,4
1348,39,0.46,Poor,0.78,70,3
1349,28,0.22,Medium,0.63,567,4
1350,35,0.37,Poor,0.74,202,3
1351,15,0.05,Good,0.46,168,5
1352,16,0.06,Medium,0.48,551,4
1353,40,0.53,Poor,0.86,143,2
1354,16,0.06,Good,0.49,453,5
1355,47,0.75,Poor,0.95,109,2
1356,19,0.08,Medium,0.52,123,4
1357,15,0.05,Good,0.48,615,5
1358,52,0.93,Poor,0.96,418,1
1359,47,0.79,Poor,0.91,582,2
1360,30,0.26,Poor,0.68,502,3
1361,49,0.88,Poor,0.99,599,1
1362,34,0.34,Poor,0.8,243,3
1363,34,0.36,Poor,0.71,283,3
1364,23,0.14,Medium,0.58,568,4
1365,22,0.12,Medium,0.55,399,4
1366,51,0.88,Poor,0.96,508,1
1367,32,0.3,Poor,0.76,230,3
1368,22,0.12,Medium,0.6,210,4
1369,15,0.05,Good,0.44,500,5
1370,23,0.14,Medium,0.63,190,4
1371,15,0.05,Good,0.46,217,5
1372,17,0.07,Good,0.52,123,5
1373,19,0.08,Medium,0.53,647,4
1374,29,0.23,Medium,0.72,144,4
1375,31,0.29,Poor,0.72,195,3
1376,40,0.53,Poor,0.81,139,2
1377,20,0.1,Medium,0.55,259,4
1378,29,0.23,Poor,0.68,539,3
1379,32,0.3,Poor,0.72,569,3
1380,40,0.5,Poor,0.88,189,2
1381,31,0.28,Poor,0.72,306,3
1382,50,0.88,Poor,0.95,375,1
1383,16,0.06,Good,0.45,476,5
1384,30,0.25,Poor,0.68,633,3
1385,41,0.54,Poor,0.9,559,2
1386,16,0.05,Good,0.51,235,5
1387,16,0.06,Good,0.48,578,5
1388,23,0.14,Medium,0.57,623,4
1389,46,0.75,Poor,0.86,212,2
1390,31,0.29,Poor,0.67,518,3
1391,52,0.98,Poor,0.98,453,1
1392,26,0.18,Medium,0.61,115,4
1393,30,0.25,Poor,0.7,452,3
1394,34,0.36,Poor,0.72,496,3
1395,21,0.11,Medium,0.54,571,4
1396,26,0.19,Medium,0.66,239,4
1397,49,0.83,Poor,0.93,536,2
1398,24,0.15,Medium,0.61,461,4
1399,22,0.13,Medium,0.58,346,4
1400,51,0.88,Poor,0.93,447,1
1401,49,0.8,Poor,0.93,328,2
1402,49,0.82,Poor,0.99,291,2
1403,17,0.07,Good,0.53,337,5
1404,36,0.4,Poor,0.8,354,3
1405,15,0.05,Good,0.43,201,5
1406,29,0.23,Poor,0.71,261,3
1407,21,0.11,Medium,0.58,516,4
1408,15,0.05,Good,0.47,534,5
1409,43,0.62,Poor,0.85,122,2
1410,50,0.89,Poor,0.98,441,1
1411,37,0.43,Poor,0.76,417,3
1412,32,0.3,Poor,0.75,585,3
1413,42,0.57,Poor,0.85,487,2
1414,36,0.41,Poor,0.79,641,3
1415,51,0.92,Poor,0.95,223,1
1416,49,0.86,Poor,0.96,210,2
1417,51,0.88,Poor,0.95,318,1
1418,43,0.62,Poor,0.84,540,2
1419,44,0.64,Poor,0.85,322,2
1420,51,0.92,Poor,0.95,107,1
1421,45,0.71,Poor,0.91,410,2
1422,30,0.27,Poor,0.74,411,3
1423,48,0.78,Poor,0.93,129,2
1424,49,0.88,Poor,0.93,209,1
1425,17,0.07,Good,0.48,302,5
1426,15,0.05,Good,0.45,434,5
1427,17,0.07,Medium,0.53,380,4
1428,17,0.06,Good,0.53,90,5
1429,18,0.07,Medium,0.51,469,4
1430,39,0.49,Poor,0.87,408,3
1431,33,0.31,Poor,0.79,557,3
1432,18,0.07,Medium,0.53,167,4
1433,52,0.95,Poor,0.99,95,1
1434,45,0.68,Poor,0.93,311,2
1435,44,0.66,Poor,0.89,473,2
1436,26,0.18,Medium,0.64,334,4
1437,35,0.38,Poor,0.79,133,3
1438,50,0.85,Poor,0.95,316,2
1439,15,0.05,Good,0.46,294,5
1440,15,0.05,Good,0.45,387,5
1441,51,0.9,Poor,0.98,587,1
1442,28,0.22,Medium,0.71,161,4
1443,16,0.06,Good,0.51,544,5
1444,41,0.52,Poor,0.83,611,3
1445,34,0.35,Poor,0.73,631,3
1446,27,0.2,Medium,0.63,636,4
1447,36,0.4,Poor,0.82,366,3
1448,33,0.31,Poor,0.74,77,3
1449,52,1,Poor,0.94,77,1
1450,52,0.94,Poor,0.94,341,1
1451,28,0.22,Medium,0.64,171,4
1452,36,0.39,Poor,0.8,346,3
1453,51,0.95,Poor,1,511,1
1454,16,0.06,Good,0.49,431,5
1455,20,0.1,Medium,0.58,447,4
1456,31,0.27,Poor,0.72,509,3
1457,27,0.21,Poor,0.64,144,3
1458,29,0.24,Poor,0.68,532,3
1459,15,0.05,Good,0.48,463,5
1460,51,0.91,Poor,0.95,604,1
1461,17,0.06,Good,0.51,322,5
1462,22,0.12,Medium,0.62,131,4
1463,51,0.87,Poor,0.97,303,2
1464,50,0.85,Poor,0.97,480,2
1465,35,0.36,Poor,0.77,173,3
1466,48,0.81,Poor,0.94,66,2
1467,26,0.17,Medium,0.64,90,4
1468,35,0.38,Poor,0.76,500,3
1469,34,0.33,Poor,0.79,489,3
1470,49,0.8,Poor,0.96,146,2
1471,16,0.06,Good,0.51,438,5
1472,52,0.97,Poor,0.96,341,1
1473,18,0.08,Medium,0.48,93,4
1474,36,0.4,Poor,0.82,405,3
1475,30,0.27,Medium,0.72,225,4
1476,48,0.83,Poor,0.94,406,2
1477,18,0.08,Medium,0.52,385,4
1478,15,0.05,Good,0.46,619,5
1479,33,0.34,Poor,0.74,501,3
1480,42,0.6,Poor,0.84,535,2
1481,41,0.53,Poor,0.9,466,3
1482,24,0.14,Medium,0.63,297,4
1483,29,0.24,Medium,0.65,70,4
1484,32,0.31,Poor,0.77,385,3
1485,26,0.19,Medium,0.61,268,4
1486,21,0.11,Medium,0.53,205,4
1487,32,0.29,Poor,0.77,621,3
1488,16,0.06,Good,0.47,486,5
1489,26,0.18,Medium,0.64,509,4
1490,16,0.06,Good,0.48,573,5
1491,27,0.2,Medium,0.7,650,4
1492,15,0.05,Good,0.47,64,5
1493,31,0.29,Poor,0.75,381,3
1494,43,0.6,Poor,0.87,311,2
1495,18,0.07,Medium,0.51,421,4
1496,50,0.9,Poor,0.9,509,1
1497,28,0.22,Medium,0.65,461,4
1498,16,0.06,Good,0.48,489,5
1499,15,0.05,Good,0.49,313,5
1500,36,0.42,Poor,0.82,563,3
1501,25,0.17,Medium,0.6,233,4
1502,51,0.95,Poor,0.97,174,1
1503,52,0.93,Poor,0.96,353,1
1504,33,0.31,Poor,0.76,499,3
1505,15,0.05,Good,0.47,75,5
1506,15,0.05,Good,0.44,405,5
1507,17,0.07,Good,0.5,173,5
1508,37,0.44,Poor,0.78,533,3
1509,30,0.27,Poor,0.74,267,3
1510,27,0.2,Poor,0.66,495,3
1511,46,0.75,Poor,0.91,397,2
1512,35,0.35,Poor,0.76,519,3
1513,52,0.98,Poor,0.94,546,1
1514,47,0.74,Poor,0.93,83,2
1515,50,0.9,Poor,0.92,646,1
1516,17,0.06,Medium,0.47,403,4
1517,35,0.36,Poor,0.76,297,3
1518,49,0.82,Poor,0.89,578,2
1519,17,0.06,Good,0.53,649,5
1520,46,0.72,Poor,0.86,532,2
1521,17,0.07,Good,0.51,144,5
1522,15,0.05,Good,0.46,144,5
1523,44,0.66,Poor,0.89,388,2
1524,15,0.05,Good,0.48,473,5
1525,16,0.06,Good,0.51,380,5
1526,27,0.2,Medium,0.69,581,4
1527,42,0.55,Poor,0.83,514,2
1528,34,0.36,Poor,0.72,90,3
1529,36,0.38,Poor,0.82,555,3
1530,15,0.05,Good,0.46,330,5
1531,22,0.12,Medium,0.6,354,4
1532,21,0.1,Medium,0.57,166,4
1533,15,0.05,Good,0.46,529,5
1534,29,0.24,Medium,0.66,231,4
1535,36,0.39,Poor,0.76,397,3
1536,50,0.9,Poor,1,458,1
1537,41,0.57,Poor,0.88,252,2
1538,17,0.07,Good,0.47,508,5
1539,27,0.2,Medium,0.7,313,4
1540,40,0.54,Poor,0.83,553,2
1541,35,0.39,Poor,0.79,518,3
1542,20,0.1,Medium,0.54,362,4
1543,33,0.32,Poor,0.79,415,3
1544,17,0.07,Medium,0.48,479,4
1545,52,0.96,Poor,0.92,597,1
1546,33,0.32,Poor,0.73,364,3
1547,33,0.33,Poor,0.75,61,3
1548,41,0.57,Poor,0.88,398,2
1549,26,0.19,Medium,0.62,251,4
1550,45,0.67,Poor,0.91,512,2
1551,15,0.05,Good,0.43,402,5
1552,24,0.14,Medium,0.63,160,4
1553,50,0.88,Poor,1,210,1
1554,15,0.05,Good,0.48,460,5
1555,17,0.07,Good,0.47,247,5
1556,15,0.05,Good,0.44,129,5
1557,32,0.29,Poor,0.75,105,3
1558,15,0.05,Good,0.46,375,5
1559,34,0.34,Poor,0.74,285,3
1560,35,0.35,Poor,0.77,505,3
1561,35,0.36,Poor,0.82,389,3
1562,51,0.92,Poor,0.93,115,1
1563,52,0.98,Poor,0.99,100,1
1564,50,0.88,Poor,1,524,1
1565,25,0.17,Medium,0.64,597,4
1566,47,0.76,Poor,0.95,269,2
1567,36,0.39,Poor,0.78,579,3
1568,15,0.05,Good,0.48,199,5
1569,16,0.06,Good,0.47,517,5
1570,36,0.39,Poor,0.75,81,3
1571,15,0.05,Good,0.48,626,5
1572,30,0.26,Poor,0.71,155,3
1573,16,0.06,Good,0.45,60,5
1574,39,0.47,Poor,0.83,349,2
1575,15,0.05,Good,0.46,333,5
1576,21,0.1,Medium,0.57,647,4
1577,15,0.05,Good,0.44,288,5
1578,42,0.57,Poor,0.89,545,2
1579,28,0.22,Medium,0.65,528,4
1580,52,0.97,Poor,0.98,493,1
1581,50,0.92,Poor,0.93,398,1
1582,37,0.41,Poor,0.75,586,3
1583,21,0.1,Medium,0.59,208,4
1584,16,0.06,Good,0.47,324,5
1585,16,0.06,Good,0.48,310,5
1586,23,0.14,Medium,0.63,186,4
1587,20,0.1,Medium,0.56,649,4
1588,16,0.06,Good,0.46,606,5
1589,34,0.36,Poor,0.73,161,3
1590,33,0.33,Poor,0.73,292,3
1591,21,0.11,Medium,0.55,439,4
1592,35,0.36,Poor,0.77,91,3
1593,34,0.33,Poor,0.76,300,3
1594,51,0.9,Poor,0.99,352,1
1595,38,0.44,Poor,0.84,547,3
1596,51,0.92,Poor,0.96,106,1
1597,24,0.14,Medium,0.6,629,4
1598,17,0.07,Medium,0.47,546,4
1599,44,0.66,Poor,0.89,154,2
1600,36,0.41,Poor,0.76,151,3
1601,29,0.23,Poor,0.67,145,3
1602,48,0.83,Poor,0.92,307,2
1603,51,0.9,Poor,0.93,223,1
1604,24,0.14,Medium,0.62,429,4
1605,38,0.47,Poor,0.83,617,2
1606,15,0.05,Good,0.47,628,5
1607,30,0.26,Poor,0.73,82,3
1608,25,0.16,Medium,0.64,213,4
1609,51,0.91,Poor,0.99,626,1
1610,20,0.1,Medium,0.57,114,4
1611,51,0.93,Poor,1,594,1
1612,30,0.25,Medium,0.72,218,4
1613,43,0.61,Poor,0.91,561,2
1614,18,0.07,Medium,0.55,529,4
1615,28,0.22,Medium,0.65,275,4
1616,34,0.34,Poor,0.73,576,3
1617,18,0.08,Medium,0.52,386,4
1618,26,0.18,Medium,0.61,108,4
1619,30,0.27,Poor,0.66,470,3
1620,50,0.92,Poor,0.9,305,1
1621,51,0.91,Poor,0.92,336,1
1622,52,0.98,Poor,0.99,628,1
1623,51,0.93,Poor,0.91,441,1
1624,16,0.05,Good,0.47,78,5
1625,15,0.05,Good,0.45,362,5
1626,51,0.9,Poor,0.99,259,1
1627,44,0.67,Poor,0.92,106,2
1628,35,0.37,Poor,0.82,399,3
1629,27,0.19,Poor,0.62,564,3
1630,30,0.25,Poor,0.73,440,3
1631,21,0.1,Medium,0.59,548,4
1632,23,0.14,Medium,0.59,149,4
1633,35,0.37,Poor,0.75,300,3
1634,47,0.75,Poor,0.87,438,2
1635,34,0.35,Poor,0.77,455,3
1636,29,0.23,Poor,0.7,466,3
1637,36,0.41,Poor,0.78,432,3
1638,15,0.05,Good,0.46,518,5
1639,51,0.95,Poor,0.93,378,1
1640,36,0.41,Poor,0.81,584,3
1641,32,0.31,Poor,0.75,420,3
1642,50,0.89,Poor,1,309,1
1643,36,0.39,Poor,0.75,150,3
1644,37,0.45,Poor,0.79,301,3
1645,22,0.12,Medium,0.58,65,4
1646,31,0.28,Poor,0.74,106,3
1647,45,0.69,Poor,0.94,476,2
1648,45,0.69,Poor,0.91,210,2
1649,32,0.29,Poor,0.76,354,3
1650,31,0.28,Poor,0.7,381,3
1651,46,0.73,Poor,0.9,377,2
1652,21,0.11,Medium,0.54,169,4
1653,22,0.12,Medium,0.58,341,4
1654,31,0.29,Poor,0.74,95,3
1655,48,0.75,Poor,0.94,630,2
1656,49,0.87,Poor,0.94,392,2
1657,47,0.72,Poor,0.94,129,2
1658,25,0.17,Medium,0.62,123,4
1659,29,0.25,Medium,0.72,132,4
1660,31,0.29,Poor,0.72,112,3
1661,15,0.05,Good,0.46,227,5
1662,26,0.18,Medium,0.65,502,4
1663,52,0.91,Poor,0.97,259,1
1664,49,0.88,Poor,0.98,227,1
1665,51,0.95,Poor,0.94,465,1
1666,28,0.22,Poor,0.67,213,3
1667,35,0.37,Poor,0.75,576,3
1668,37,0.42,Poor,0.75,215,3
1669,41,0.54,Poor,0.9,367,3
1670,50,0.88,Poor,0.92,548,1
1671,52,0.98,Poor,0.99,248,1
1672,47,0.72,Poor,0.89,543,2
1673,31,0.27,Poor,0.75,187,3
1674,15,0.05,Good,0.44,343,5
1675,30,0.26,Poor,0.72,636,3
1676,30,0.27,Poor,0.7,580,3
1677,15,0.05,Good,0.44,231,5
1678,33,0.33,Poor,0.71,542,3
1679,15,0.05,Good,0.44,304,5
1680,18,0.08,Medium,0.54,145,4
1681,32,0.29,Poor,0.69,67,3
1682,16,0.06,Good,0.45,531,5
1683,19,0.09,Medium,0.51,144,4
1684,46,0.75,Poor,0.88,247,2
1685,39,0.47,Poor,0.83,146,3
1686,50,0.88,Poor,0.97,278,1
1687,46,0.75,Poor,0.91,384,2
1688,15,0.05,Good,0.48,399,5
1689,16,0.06,Good,0.5,117,5
1690,44,0.61,Poor,0.93,452,2
1691,20,0.1,Medium,0.55,228,4
1692,28,0.22,Medium,0.71,411,4
1693,16,0.06,Good,0.5,565,5
1694,16,0.06,Good,0.46,426,5
1695,16,0.06,Good,0.45,114,5
1696,41,0.55,Poor,0.85,311,2
1697,24,0.14,Medium,0.58,629,4
1698,21,0.1,Medium,0.54,398,4
1699,51,0.9,Poor,0.99,285,1
1700,39,0.48,Poor,0.79,362,3
1701,41,0.53,Poor,0.85,264,2
1702,44,0.68,Poor,0.93,348,2
1703,25,0.17,Medium,0.62,396,4
1704,41,0.53,Poor,0.84,180,2
1705,16,0.06,Good,0.51,288,5
1706,20,0.1,Medium,0.56,67,4
1707,35,0.38,Poor,0.76,326,3
1708,17,0.07,Medium,0.47,320,4
1709,52,0.93,Poor,0.99,221,1
1710,26,0.19,Medium,0.66,376,4
1711,37,0.41,Poor,0.78,144,3
1712,51,0.9,Poor,0.98,513,1
1713,29,0.24,Poor,0.68,409,3
1714,17,0.07,Medium,0.5,645,4
1715,48,0.83,Poor,0.94,102,2
1716,15,0.05,Good,0.48,603,5
1717,31,0.27,Poor,0.73,504,3
1718,32,0.31,Poor,0.75,145,3
1719,50,0.88,Poor,0.95,315,1
1720,32,0.29,Poor,0.77,138,3
1721,52,0.97,Poor,0.94,194,1
1722,15,0.05,Good,0.47,161,5
1723,52,0.93,Poor,0.97,277,1
1724,32,0.31,Poor,0.76,307,3
1725,48,0.79,Poor,0.96,502,2
1726,17,0.07,Good,0.48,243,5
1727,40,0.49,Poor,0.87,335,3
1728,20,0.1,Medium,0.53,71,4
1729,16,0.06,Good,0.5,367,5
1730,34,0.35,Poor,0.8,173,3
1731,30,0.24,Poor,0.74,421,3
1732,25,0.17,Medium,0.65,434,4
1733,34,0.35,Poor,0.79,210,3
1734,51,0.88,Poor,0.95,375,1
1735,16,0.06,Good,0.49,96,5
1736,35,0.36,Poor,0.82,376,3
1737,51,0.96,Poor,0.92,356,1
1738,52,0.97,Poor,1,275,1
1739,28,0.22,Medium,0.7,121,4
1740,32,0.3,Poor,0.73,189,3
1741,36,0.39,Poor,0.79,544,3
1742,42,0.58,Poor,0.87,459,2
1743,20,0.09,Medium,0.55,366,4
1744,18,0.08,Good,0.5,530,5
1745,15,0.05,Good,0.45,587,5
1746,16,0.06,Good,0.5,156,5
1747,50,0.85,Poor,0.96,545,2
1748,49,0.88,Poor,0.92,453,1
1749,15,0.05,Good,0.44,144,5
1750,16,0.06,Good,0.47,598,5
1751,35,0.39,Poor,0.8,211,3
1752,15,0.05,Good,0.45,504,5
1753,39,0.46,Poor,0.87,235,2
1754,49,0.83,Poor,0.94,117,2
1755,37,0.44,Poor,0.79,575,3
1756,17,0.06,Medium,0.52,504,4
1757,33,0.32,Poor,0.74,257,3
1758,37,0.43,Poor,0.76,343,3
1759,37,0.42,Poor,0.84,336,3
1760,34,0.34,Poor,0.76,168,3
1761,16,0.05,Good,0.48,380,5
1762,16,0.05,Good,0.49,628,5
1763,44,0.68,Poor,0.91,573,2
1764,52,0.94,Poor,0.99,271,1
1765,29,0.24,Poor,0.67,640,3
1766,52,0.94,Poor,0.95,343,1
1767,19,0.08,Medium,0.51,458,4
1768,15,0.05,Good,0.46,600,5
1769,19,0.08,Medium,0.56,531,4
1770,40,0.51,Poor,0.86,89,2
1771,33,0.31,Poor,0.73,98,3
1772,16,0.06,Medium,0.45,353,4
1773,17,0.07,Medium,0.51,113,4
1774,16,0.06,Good,0.49,275,5
1775,32,0.31,Poor,0.77,99,3
1776,36,0.39,Poor,0.79,559,3
1777,15,0.05,Good,0.46,602,5
1778,36,0.38,Poor,0.82,437,3
1779,27,0.19,Medium,0.62,325,4
1780,43,0.59,Poor,0.87,561,2
1781,38,0.43,Poor,0.8,628,3
1782,48,0.79,Poor,0.94,419,2
1783,36,0.39,Poor,0.79,322,3
1784,21,0.11,Medium,0.57,413,4
1785,25,0.17,Medium,0.67,152,4
1786,40,0.53,Poor,0.88,521,2
1787,40,0.51,Poor,0.86,341,3
1788,30,0.26,Medium,0.73,521,4
1789,16,0.06,Good,0.48,138,5
1790,21,0.1,Medium,0.54,185,4
1791,50,0.88,Poor,0.95,570,1
1792,24,0.15,Medium,0.58,551,4
1793,39,0.47,Poor,0.86,470,2
1794,24,0.14,Medium,0.58,245,4
1795,23,0.13,Medium,0.58,309,4
1796,46,0.74,Poor,0.9,546,2
1797,40,0.52,Poor,0.85,567,3
1798,22,0.12,Medium,0.55,425,4
1799,43,0.59,Poor,0.93,437,2
1800,22,0.12,Medium,0.58,349,4
1801,16,0.06,Good,0.51,570,5
1802,50,0.88,Poor,0.95,77,1
1803,51,0.89,Poor,0.96,648,1
1804,50,0.88,Poor,0.9,313,1
1805,29,0.23,Poor,0.72,447,3
1806,40,0.49,Poor,0.87,251,2
1807,15,0.05,Good,0.46,635,5
1808,31,0.28,Poor,0.75,92,3
1809,17,0.07,Good,0.47,456,5
1810,47,0.77,Poor,0.91,588,2
1811,52,0.98,Poor,0.95,274,1
1812,37,0.41,Poor,0.77,397,3
1813,32,0.29,Poor,0.76,490,3
1814,16,0.06,Good,0.46,632,5
1815,17,0.07,Good,0.52,615,5
1816,50,0.9,Poor,0.93,204,1
1817,22,0.12,Medium,0.59,627,4
1818,29,0.25,Poor,0.69,82,3
1819,17,0.07,Good,0.49,599,5
1820,49,0.79,Poor,0.97,273,2
1821,19,0.09,Medium,0.51,67,4
1822,51,0.94,Poor,0.98,312,1
1823,51,0.95,Poor,1,130,1
1824,41,0.57,Poor,0.88,519,3
1825,34,0.33,Poor,0.71,317,3
1826,35,0.36,Poor,0.79,94,3
1827,52,0.91,Poor,0.95,128,1
1828,18,0.07,Good,0.52,474,5
1829,19,0.09,Medium,0.54,257,4
1830,51,0.95,Poor,0.92,209,1
1831,27,0.19,Poor,0.65,597,3
1832,52,0.94,Poor,0.92,419,1
1833,20,0.1,Medium,0.55,590,4
1834,44,0.66,Poor,0.87,468,2
1835,15,0.05,Good,0.49,131,5
1836,39,0.49,Poor,0.78,579,3
1837,38,0.44,Poor,0.78,200,3
1838,41,0.54,Poor,0.86,89,2
1839,16,0.06,Good,0.48,516,5
1840,25,0.17,Medium,0.65,589,4
1841,16,0.06,Good,0.5,227,5
1842,25,0.16,Medium,0.66,335,4
1843,15,0.05,Good,0.46,330,5
1844,16,0.06,Good,0.46,182,5
1845,16,0.06,Good,0.45,276,5
1846,26,0.18,Medium,0.67,571,4
1847,24,0.15,Medium,0.62,426,4
1848,33,0.31,Poor,0.73,91,3
1849,15,0.05,Good,0.45,295,5
1850,16,0.06,Good,0.46,381,5
1851,47,0.79,Poor,0.91,311,2
1852,28,0.22,Poor,0.65,550,3
1853,36,0.41,Poor,0.81,111,3
1854,50,0.88,Poor,0.95,539,1
1855,43,0.64,Poor,0.87,561,2
1856,52,0.92,Poor,0.93,618,1
1857,34,0.35,Poor,0.71,76,3
1858,46,0.7,Poor,0.96,531,2
1859,43,0.64,Poor,0.87,427,2
1860,24,0.16,Medium,0.58,292,4
1861,27,0.2,Medium,0.62,134,4
1862,42,0.6,Poor,0.91,598,2
1863,36,0.41,Poor,0.79,118,3
1864,42,0.55,Poor,0.88,412,3
1865,18,0.08,Medium,0.5,169,4
1866,37,0.44,Poor,0.83,610,3
1867,36,0.41,Poor,0.79,366,3
1868,16,0.05,Good,0.45,319,5
1869,40,0.51,Poor,0.84,603,3
1870,18,0.08,Medium,0.51,518,4
1871,37,0.44,Poor,0.81,492,3
1872,17,0.06,Medium,0.52,316,4
1873,25,0.16,Medium,0.63,251,4
1874,46,0.73,Poor,0.93,303,2
1875,25,0.17,Medium,0.63,239,4
1876,50,0.91,Poor,0.95,595,1
1877,52,1,Poor,0.96,319,1
1878,21,0.11,Medium,0.55,521,4
1879,50,0.9,Poor,0.95,320,1
1880,34,0.36,Poor,0.75,180,3
1881,34,0.34,Poor,0.75,202,3
1882,20,0.1,Medium,0.52,530,4
1883,36,0.41,Poor,0.77,509,3
1884,30,0.26,Medium,0.73,137,4
1885,40,0.51,Poor,0.83,607,3
1886,52,0.99,Poor,0.97,223,1
1887,16,0.05,Good,0.49,386,5
1888,23,0.14,Medium,0.63,339,4
1889,15,0.05,Good,0.49,583,5
1890,42,0.58,Poor,0.85,512,2
1891,20,0.1,Medium,0.52,578,4
1892,22,0.12,Medium,0.56,366,4
1893,21,0.11,Medium,0.55,466,4
1894,46,0.69,Poor,0.92,460,2
1895,42,0.59,Poor,0.81,95,3
1896,30,0.26,Poor,0.74,549,3
1897,22,0.12,Medium,0.58,536,4
1898,36,0.4,Poor,0.81,348,3
1899,25,0.16,Medium,0.66,494,4
1900,16,0.06,Good,0.5,115,5
1901,22,0.12,Medium,0.61,130,4
1902,31,0.28,Poor,0.73,133,3
1903,38,0.47,Poor,0.81,214,3
1904,30,0.26,Poor,0.71,482,3
1905,36,0.41,Poor,0.81,216,3
1906,36,0.41,Poor,0.82,392,3
1907,47,0.72,Poor,0.96,566,2
1908,45,0.7,Poor,0.85,148,2
1909,40,0.52,Poor,0.88,358,3
1910,42,0.56,Poor,0.87,442,2
1911,29,0.25,Poor,0.65,307,3
1912,45,0.68,Poor,0.88,403,2
1913,39,0.47,Poor,0.8,192,3
1914,35,0.36,Poor,0.73,376,3
1915,22,0.13,Medium,0.55,117,4
1916,18,0.08,Medium,0.55,293,4
1917,31,0.27,Poor,0.7,560,3
1918,34,0.36,Poor,0.74,439,3
1919,49,0.88,Poor,0.89,140,1
1920,24,0.14,Medium,0.63,386,4
1921,15,0.05,Good,0.48,373,5
1922,16,0.06,Good,0.45,64,5
1923,41,0.57,Poor,0.87,147,2
1924,38,0.43,Poor,0.8,160,3
1925,51,0.96,Poor,0.97,599,1
1926,38,0.45,Poor,0.86,535,2
1927,35,0.36,Poor,0.8,543,3
1928,34,0.35,Poor,0.77,273,3
1929,30,0.25,Poor,0.67,425,3
1930,35,0.37,Poor,0.79,590,3
1931,35,0.36,Poor,0.77,481,3
1932,16,0.06,Good,0.46,380,5
1933,40,0.52,Poor,0.83,187,2
1934,42,0.58,Poor,0.86,82,2
1935,50,0.83,Poor,0.98,262,2
1936,38,0.44,Poor,0.86,277,3
1937,40,0.52,Poor,0.8,424,3
1938,34,0.35,Poor,0.76,626,3
1939,51,0.9,Poor,0.98,483,1
1940,15,0.05,Good,0.44,344,5
1941,16,0.06,Good,0.46,182,5
1942,51,0.9,Poor,0.94,281,1
1943,15,0.05,Good,0.46,595,5
1944,31,0.28,Poor,0.7,206,3
1945,15,0.05,Good,0.43,375,5
1946,51,0.95,Poor,1,282,1
1947,52,0.93,Poor,0.92,306,1
1948,52,0.96,Poor,0.95,624,1
1949,15,0.05,Good,0.46,605,5
1950,15,0.05,Good,0.46,132,5
1951,17,0.07,Medium,0.5,80,4
1952,20,0.1,Medium,0.55,100,4
1953,16,0.06,Good,0.47,454,5
1954,34,0.35,Poor,0.77,159,3
1955,22,0.12,Medium,0.61,336,4
1956,44,0.62,Poor,0.9,340,2
1957,21,0.11,Medium,0.54,643,4
1958,33,0.31,Poor,0.78,326,3
1959,32,0.31,Poor,0.77,139,3
1960,50,0.88,Poor,0.97,420,1
1961,33,0.31,Poor,0.77,257,3
1962,16,0.06,Good,0.5,116,5
1963,47,0.78,Poor,0.92,633,2
1964,23,0.14,Medium,0.59,232,4
1965,18,0.07,Medium,0.54,151,4
1966,17,0.06,Good,0.52,484,5
1967,32,0.3,Poor,0.69,353,3
1968,20,0.1,Medium,0.58,602,4
1969,15,0.05,Good,0.49,476,5
1970,15,0.05,Good,0.46,494,5
1971,39,0.47,Poor,0.8,378,3
1972,52,0.92,Poor,0.97,255,1
1973,50,0.89,Poor,0.94,235,1
1974,35,0.37,Poor,0.8,220,3
1975,18,0.07,Medium,0.48,542,4
1976,33,0.33,Poor,0.71,318,3
1977,18,0.08,Medium,0.48,519,4
1978,40,0.53,Poor,0.89,460,3
1979,18,0.08,Good,0.52,604,5
1980,32,0.29,Poor,0.77,310,3
1981,43,0.58,Poor,0.87,400,2
1982,18,0.07,Medium,0.55,190,4
1983,37,0.4,Poor,0.78,480,3
1984,40,0.5,Poor,0.82,543,3
1985,15,0.05,Good,0.44,169,5
1986,30,0.24,Poor,0.72,604,3
1987,50,0.89,Poor,0.93,598,1
1988,29,0.24,Poor,0.73,224,3
1989,41,0.55,Poor,0.9,75,2
1990,35,0.37,Poor,0.8,323,3
1991,28,0.22,Medium,0.67,84,4
1992,40,0.52,Poor,0.82,411,2
1993,38,0.44,Poor,0.83,357,3
1994,51,0.89,Poor,0.91,429,1
1995,31,0.27,Poor,0.71,214,3
1996,28,0.22,Poor,0.67,198,3
1997,22,0.12,Medium,0.59,162,4
1998,36,0.42,Poor,0.8,394,3
1999,25,0.16,Medium,0.61,559,4
2000,51,0.94,Poor,1,298,1
2001,15,0.05,Good,0.45,249,5
2002,45,0.68,Poor,0.88,429,2
2003,18,0.07,Medium,0.48,284,4
2004,43,0.64,Poor,0.9,485,2
2005,33,0.32,Poor,0.71,635,3
2006,16,0.06,Good,0.5,538,5
2007,15,0.05,Good,0.46,87,5
2008,28,0.22,Poor,0.69,502,3
2009,29,0.24,Medium,0.66,386,4
2010,40,0.54,Poor,0.89,507,2
2011,27,0.2,Poor,0.67,177,3
2012,25,0.17,Medium,0.65,434,4
2013,38,0.47,Poor,0.76,341,3
2014,28,0.21,Poor,0.65,175,3
2015,21,0.11,Medium,0.54,302,4
2016,16,0.05,Good,0.47,475,5
2017,40,0.52,Poor,0.83,202,2
2018,24,0.15,Medium,0.63,566,4
2019,33,0.33,Poor,0.74,214,3
2020,52,0.94,Poor,0.97,556,1
2021,51,0.92,Poor,0.94,575,1
2022,48,0.79,Poor,0.94,326,2
2023,49,0.88,Poor,0.99,619,1
2024,44,0.66,Poor,0.83,506,2
2025,33,0.32,Poor,0.72,427,3
2026,34,0.35,Poor,0.74,294,3
2027,17,0.07,Good,0.53,178,5
2028,15,0.05,Good,0.46,543,5
2029,15,0.05,Good,0.45,519,5
2030,19,0.08,Medium,0.51,454,4
2031,26,0.18,Medium,0.61,597,4
2032,16,0.06,Good,0.49,441,5
2033,43,0.58,Poor,0.85,328,2
2034,50,0.9,Poor,0.98,486,1
2035,51,0.89,Poor,0.96,618,1
2036,37,0.44,Poor,0.76,538,3
2037,18,0.08,Medium,0.53,334,4
2038,35,0.38,Poor,0.77,586,3
2039,51,0.96,Poor,0.99,616,1
2040,39,0.5,Poor,0.82,492,3
2041,51,0.92,Poor,0.99,403,1
2042,52,0.94,Poor,0.93,75,1
2043,26,0.19,Medium,0.66,444,4
2044,19,0.08,Medium,0.51,478,4
2045,15,0.05,Good,0.46,229,5
2046,52,0.95,Poor,0.98,323,1
2047,45,0.68,Poor,0.93,126,2
2048,51,0.92,Poor,0.94,112,1
2049,20,0.09,Medium,0.54,278,4
2050,34,0.34,Poor,0.73,350,3
2051,51,0.9,Poor,0.98,550,1
2052,52,0.92,Poor,0.95,322,1
2053,18,0.08,Medium,0.53,88,4
2054,52,0.92,Poor,0.95,103,1
2055,24,0.15,Medium,0.58,60,4
2056,50,0.86,Poor,0.94,417,2
2057,50,0.89,Poor,0.98,319,1
2058,16,0.06,Good,0.5,79,5
2059,17,0.06,Good,0.48,627,5
2060,44,0.62,Poor,0.88,218,2
2061,52,0.96,Poor,0.99,95,1
2062,15,0.05,Good,0.46,214,5
2063,36,0.41,Poor,0.79,257,3
2064,52,0.94,Poor,0.97,475,1
2065,34,0.33,Poor,0.74,249,3
2066,34,0.34,Poor,0.71,286,3
2067,15,0.05,Good,0.45,403,5
2068,30,0.25,Poor,0.7,590,3
2069,25,0.17,Medium,0.62,66,4
2070,46,0.73,Poor,0.93,170,2
2071,39,0.48,Poor,0.79,79,2
2072,15,0.05,Good,0.49,106,5
2073,15,0.05,Good,0.46,609,5
2074,28,0.21,Poor,0.66,556,3
2075,15,0.05,Good,0.49,266,5
2076,50,0.91,Poor,1,367,1
2077,51,0.93,Poor,0.95,192,1
2078,34,0.35,Poor,0.76,553,3
2079,27,0.2,Medium,0.65,329,4
2080,41,0.54,Poor,0.88,529,3
2081,27,0.19,Medium,0.67,92,4
2082,24,0.15,Medium,0.58,147,4
2083,35,0.36,Poor,0.73,85,3
2084,35,0.38,Poor,0.77,230,3
2085,16,0.06,Good,0.45,516,5
2086,43,0.63,Poor,0.89,206,2
2087,15,0.05,Good,0.47,440,5
2088,31,0.28,Poor,0.74,625,3
2089,27,0.19,Medium,0.69,141,4
2090,38,0.47,Poor,0.78,638,2
2091,23,0.13,Medium,0.6,400,4
2092,46,0.71,Poor,0.91,228,2
2093,19,0.09,Medium,0.5,551,4
2094,32,0.3,Poor,0.69,162,3
2095,27,0.2,Medium,0.66,441,4
2096,21,0.11,Medium,0.57,103,4
2097,15,0.05,Good,0.45,643,5
2098,37,0.42,Poor,0.81,638,3
2099,24,0.15,Medium,0.64,511,4
2100,35,0.36,Poor,0.81,216,3
2101,37,0.44,Poor,0.77,612,3
2102,24,0.14,Medium,0.65,478,4
2103,28,0.22,Poor,0.67,501,3
2104,28,0.21,Poor,0.69,407,3
2105,50,0.92,Poor,0.98,622,1
2106,47,0.73,Poor,0.91,452,2
2107,35,0.39,Poor,0.73,285,3
2108,31,0.27,Poor,0.75,555,3
2109,44,0.62,Poor,0.86,593,2
2110,27,0.2,Medium,0.69,555,4
2111,46,0.7,Poor,0.97,360,2
2112,29,0.23,Poor,0.67,476,3
2113,20,0.1,Medium,0.56,475,4
2114,46,0.75,Poor,0.94,244,2
2115,30,0.26,Poor,0.74,453,3
2116,22,0.12,Medium,0.61,614,4
2117,40,0.49,Poor,0.89,645,3
2118,15,0.05,Good,0.48,179,5
2119,30,0.26,Poor,0.67,437,3
2120,26,0.19,Medium,0.62,573,4
2121,43,0.62,Poor,0.84,344,2
2122,17,0.07,Medium,0.52,116,4
2123,52,0.96,Poor,0.98,345,1
2124,38,0.48,Poor,0.77,253,3
2125,51,0.96,Poor,0.98,477,1
2126,20,0.1,Medium,0.55,587,4
2127,48,0.76,Poor,0.95,211,2
2128,27,0.21,Poor,0.7,418,3
2129,27,0.2,Medium,0.66,436,4
2130,21,0.11,Medium,0.57,629,4
2131,30,0.25,Poor,0.69,556,3
2132,16,0.06,Good,0.49,269,5
2133,52,0.94,Poor,0.95,265,1
2134,52,0.96,Poor,1,234,1
2135,50,0.9,Poor,1,294,1
2136,17,0.07,Good,0.47,191,5
2137,15,0.05,Good,0.45,515,5
2138,15,0.05,Good,0.45,152,5
2139,15,0.05,Good,0.48,161,5
2140,15,0.05,Good,0.47,638,5
2141,24,0.15,Medium,0.58,160,4
2142,16,0.06,Good,0.51,236,5
2143,16,0.06,Good,0.48,312,5
2144,15,0.05,Good,0.46,163,5
2145,17,0.07,Good,0.51,415,5
2146,34,0.36,Poor,0.72,644,3
2147,50,0.91,Poor,0.96,608,1
2148,51,0.88,Poor,0.94,65,1
2149,34,0.36,Poor,0.79,271,3
2150,15,0.05,Good,0.48,275,5
2151,17,0.07,Good,0.51,459,5
2152,15,0.05,Good,0.47,119,5
2153,50,0.9,Poor,0.95,186,1
2154,51,0.94,Poor,0.99,619,1
2155,33,0.33,Poor,0.78,433,3
2156,16,0.06,Good,0.48,616,5
2157,51,0.92,Poor,1,171,1
2158,42,0.6,Poor,0.88,378,2
2159,37,0.42,Poor,0.78,356,3
2160,51,0.88,Poor,1,455,1
2161,32,0.28,Poor,0.76,98,3
2162,27,0.21,Poor,0.66,178,3
2163,48,0.8,Poor,0.96,117,2
2164,29,0.24,Poor,0.73,430,3
2165,38,0.47,Poor,0.78,196,3
2166,30,0.27,Poor,0.72,77,3
2167,22,0.13,Medium,0.62,634,4
2168,16,0.06,Good,0.5,401,5
2169,15,0.05,Good,0.46,503,5
2170,34,0.34,Poor,0.8,360,3
2171,41,0.52,Poor,0.86,76,2
2172,45,0.69,Poor,0.9,533,2
2173,30,0.25,Poor,0.66,321,3
2174,36,0.41,Poor,0.75,375,3
2175,43,0.59,Poor,0.89,537,2
2176,39,0.48,Poor,0.84,570,3
2177,45,0.65,Poor,0.95,456,2
2178,36,0.38,Poor,0.77,363,3
2179,36,0.41,Poor,0.79,641,3
2180,33,0.34,Poor,0.71,254,3
2181,24,0.16,Medium,0.58,319,4
2182,51,0.9,Poor,0.96,455,1
2183,15,0.05,Good,0.47,316,5
2184,17,0.07,Good,0.52,237,5
2185,26,0.18,Medium,0.62,189,4
2186,47,0.75,Poor,0.91,129,2
2187,42,0.56,Poor,0.82,378,2
2188,23,0.13,Medium,0.6,333,4
2189,39,0.5,Poor,0.82,532,2
2190,18,0.07,Medium,0.49,417,4
2191,51,0.94,Poor,0.99,137,1
2192,34,0.35,Poor,0.77,318,3
2193,49,0.88,Poor,0.99,590,1
2194,52,0.98,Poor,0.93,145,1
2195,15,0.05,Good,0.47,202,5
2196,17,0.07,Good,0.51,401,5
2197,16,0.06,Good,0.48,588,5
2198,18,0.08,Medium,0.49,543,4
2199,39,0.51,Poor,0.79,61,2
2200,45,0.71,Poor,0.93,541,2
2201,35,0.36,Poor,0.78,477,3
2202,50,0.88,Poor,0.95,413,1
2203,35,0.37,Poor,0.73,73,3
2204,31,0.26,Poor,0.72,90,3
2205,50,0.83,Poor,0.91,488,2
2206,24,0.15,Medium,0.61,78,4
2207,17,0.06,Good,0.5,634,5
2208,32,0.28,Poor,0.75,226,3
2209,49,0.79,Poor,0.99,74,2
2210,50,0.91,Poor,0.99,559,1
2211,38,0.46,Poor,0.86,589,3
2212,28,0.21,Medium,0.71,464,4
2213,19,0.08,Medium,0.5,350,4
2214,32,0.29,Poor,0.72,590,3
2215,52,0.92,Poor,0.97,323,1
2216,24,0.15,Medium,0.6,357,4
2217,25,0.17,Medium,0.59,169,4
2218,19,0.09,Medium,0.53,75,4
2219,38,0.43,Poor,0.83,511,3
2220,16,0.06,Good,0.45,363,5
2221,23,0.13,Medium,0.6,519,4
2222,27,0.19,Poor,0.65,511,3
2223,15,0.05,Good,0.49,83,5
2224,51,0.95,Poor,0.94,210,1
2225,50,0.88,Poor,0.95,286,1
2226,49,0.87,Poor,0.9,638,2
2227,24,0.15,Medium,0.6,587,4
2228,16,0.06,Good,0.51,88,5
2229,34,0.36,Poor,0.77,401,3
2230,44,0.65,Poor,0.86,605,2
2231,50,0.91,Poor,0.94,255,1
2232,36,0.4,Poor,0.79,80,3
2233,15,0.05,Good,0.48,180,5
2234,51,0.93,Poor,0.94,598,1
2235,35,0.35,Poor,0.76,331,3
2236,45,0.67,Poor,0.94,432,2
2237,30,0.25,Poor,0.66,383,3
2238,15,0.05,Good,0.44,319,5
2239,25,0.17,Medium,0.63,624,4
2240,35,0.35,Poor,0.82,611,3
2241,36,0.39,Poor,0.8,544,3
2242,39,0.48,Poor,0.8,515,3
2243,42,0.55,Poor,0.84,146,2
2244,17,0.06,Good,0.48,608,5
2245,17,0.07,Medium,0.53,396,4
2246,19,0.08,Medium,0.55,316,4
2247,52,0.96,Poor,1,161,1
2248,32,0.29,Poor,0.77,422,3
2249,22,0.12,Medium,0.6,184,4
2250,19,0.09,Medium,0.56,533,4
2251,16,0.06,Good,0.5,239,5
2252,24,0.15,Medium,0.63,189,4
2253,17,0.06,Good,0.5,377,5
2254,48,0.76,Poor,0.96,262,2
2255,15,0.05,Good,0.44,304,5
2256,23,0.14,Medium,0.58,157,4
2257,41,0.57,Poor,0.84,550,3
2258,15,0.05,Good,0.45,576,5
2259,45,0.65,Poor,0.91,173,2
2260,47,0.73,Poor,0.89,468,2
2261,52,0.91,Poor,0.99,167,1
2262,26,0.18,Medium,0.64,528,4
2263,32,0.31,Poor,0.71,438,3
2264,40,0.5,Poor,0.85,463,3
2265,21,0.1,Medium,0.53,67,4
2266,49,0.88,Poor,0.93,441,1
2267,48,0.79,Poor,0.91,135,2
2268,19,0.09,Medium,0.52,423,4
2269,48,0.78,Poor,0.98,575,2
2270,31,0.28,Poor,0.76,192,3
2271,38,0.44,Poor,0.84,198,3
2272,49,0.85,Poor,0.9,223,2
2273,31,0.28,Poor,0.75,619,3
2274,35,0.37,Poor,0.75,447,3
2275,16,0.05,Good,0.48,599,5
2276,16,0.06,Good,0.49,396,5
2277,50,0.9,Poor,1,574,1
2278,48,0.78,Poor,0.97,381,2
2279,40,0.52,Poor,0.89,348,2
2280,24,0.16,Medium,0.64,534,4
2281,35,0.36,Poor,0.73,571,3
2282,48,0.79,Poor,0.95,68,2
2283,15,0.05,Good,0.43,648,5
2284,16,0.06,Good,0.5,194,5
2285,24,0.15,Medium,0.58,256,4
2286,51,0.9,Poor,0.93,230,1
2287,51,0.89,Poor,0.93,153,1
2288,42,0.55,Poor,0.9,122,2
2289,15,0.05,Good,0.48,98,5
2290,16,0.06,Good,0.46,259,5
2291,51,0.89,Poor,0.97,470,1
2292,52,0.92,Poor,0.97,470,1
2293,25,0.16,Medium,0.63,513,4
2294,24,0.14,Medium,0.6,637,4
2295,31,0.26,Poor,0.75,371,3
2296,46,0.74,Poor,0.92,608,2
2297,45,0.68,Poor,0.9,350,2
2298,47,0.79,Poor,0.95,148,2
2299,25,0.17,Medium,0.66,464,4
2300,23,0.14,Medium,0.63,581,4
2301,33,0.31,Poor,0.73,298,3
2302,32,0.31,Poor,0.71,433,3
2303,34,0.34,Poor,0.78,244,3
2304,16,0.06,Good,0.47,532,5
2305,35,0.36,Poor,0.79,401,3
2306,50,0.89,Poor,0.95,557,1
2307,39,0.51,Poor,0.85,536,2
2308,51,0.93,Poor,0.94,85,1
2309,32,0.31,Poor,0.75,473,3
2310,48,0.79,Poor,0.93,349,2
2311,50,0.88,Poor,0.97,252,1
2312,27,0.2,Medium,0.68,238,4
2313,49,0.88,Poor,0.97,541,1
2314,19,0.08,Medium,0.56,101,4
2315,21,0.11,Medium,0.53,223,4
2316,38,0.47,Poor,0.81,444,2
2317,29,0.24,Poor,0.65,75,3
2318,15,0.05,Good,0.46,69,5
2319,38,0.46,Poor,0.84,388,2
2320,31,0.27,Poor,0.75,138,3
2321,45,0.71,Poor,0.89,253,2
2322,50,0.89,Poor,1,551,1
2323,39,0.5,Poor,0.84,484,3
2324,25,0.16,Medium,0.65,400,4
2325,20,0.09,Medium,0.54,585,4
2326,21,0.11,Medium,0.6,289,4
2327,32,0.29,Poor,0.76,67,3
2328,51,0.88,Poor,0.93,615,1
2329,51,0.95,Poor,0.97,332,1
2330,41,0.55,Poor,0.83,441,3
2331,51,0.96,Poor,0.97,162,1
2332,28,0.23,Poor,0.68,95,3
2333,40,0.49,Poor,0.85,372,3
2334,25,0.17,Medium,0.6,280,4
2335,34,0.34,Poor,0.72,356,3
2336,41,0.55,Poor,0.84,180,2
2337,52,0.96,Poor,0.97,308,1
2338,52,0.91,Poor,0.94,177,1
2339,15,0.05,Good,0.46,193,5
2340,23,0.13,Medium,0.57,344,4
2341,32,0.31,Poor,0.74,176,3
2342,37,0.45,Poor,0.83,272,3
2343,31,0.27,Poor,0.74,373,3
2344,16,0.06,Good,0.5,391,5
2345,52,0.95,Poor,0.97,400,1
2346,47,0.75,Poor,0.9,584,2
2347,33,0.33,Poor,0.71,392,3
2348,51,0.91,Poor,1,602,1
2349,16,0.06,Good,0.45,200,5
2350,42,0.55,Poor,0.91,456,3
2351,46,0.69,Poor,0.88,598,2
2352,47,0.75,Poor,0.92,487,2
2353,16,0.06,Good,0.47,319,5
2354,16,0.05,Good,0.46,297,5
2355,51,0.94,Poor,0.95,292,1
2356,15,0.05,Good,0.46,209,5
2357,51,0.92,Poor,0.93,339,1
2358,30,0.25,Poor,0.72,156,3
2359,49,0.88,Poor,0.96,177,1
2360,37,0.41,Poor,0.81,479,3
2361,30,0.26,Poor,0.66,156,3
2362,28,0.21,Medium,0.69,521,4
2363,41,0.54,Poor,0.87,174,2
2364,40,0.5,Poor,0.81,402,3
2365,15,0.05,Good,0.46,181,5
2366,52,1,Poor,0.92,625,1
2367,39,0.48,Poor,0.85,216,3
2368,38,0.44,Poor,0.78,507,3
2369,29,0.24,Poor,0.69,332,3
2370,19,0.09,Medium,0.53,344,4
2371,27,0.2,Medium,0.65,383,4
2372,30,0.27,Poor,0.71,574,3
2373,15,0.05,Good,0.46,485,5
2374,27,0.19,Medium,0.66,544,4
2375,17,0.06,Good,0.51,73,5
2376,17,0.06,Medium,0.49,394,4
2377,18,0.08,Medium,0.51,340,4
2378,17,0.06,Good,0.51,332,5
2379,23,0.13,Medium,0.58,176,4
2380,36,0.41,Poor,0.83,323,3
2381,31,0.27,Poor,0.68,571,3
2382,52,0.95,Poor,0.93,330,1
2383,52,0.98,Poor,0.95,287,1
2384,50,0.92,Poor,0.91,503,1
2385,17,0.06,Good,0.47,442,5
2386,52,0.96,Poor,0.99,388,1
2387,34,0.35,Poor,0.78,546,3
2388,17,0.06,Good,0.47,83,5
2389,43,0.63,Poor,0.84,497,2
2390,19,0.09,Medium,0.55,420,4
2391,51,0.88,Poor,0.98,360,1
2392,50,0.88,Poor,0.95,347,1
2393,16,0.06,Good,0.5,79,5
2394,23,0.14,Medium,0.56,319,4
2395,37,0.45,Poor,0.8,170,3
2396,51,0.91,Poor,0.98,418,1
2397,17,0.06,Good,0.52,451,5
2398,37,0.43,Poor,0.81,179,3
2399,21,0.11,Medium,0.56,557,4
2400,15,0.05,Good,0.46,254,5
2401,24,0.16,Medium,0.63,395,4
2402,15,0.05,Good,0.48,405,5
2403,16,0.06,Good,0.51,496,5
2404,47,0.78,Poor,0.88,483,2
2405,36,0.39,Poor,0.75,642,3
2406,15,0.05,Good,0.49,167,5
2407,47,0.78,Poor,0.91,434,2
2408,18,0.08,Medium,0.54,584,4
2409,30,0.27,Medium,0.7,531,4
2410,28,0.21,Medium,0.7,285,4
2411,51,0.95,Poor,0.96,643,1
2412,36,0.39,Poor,0.82,539,3
2413,36,0.39,Poor,0.78,155,3
2414,51,0.92,Poor,0.93,383,1
2415,27,0.19,Medium,0.63,435,4
2416,15,0.05,Good,0.45,594,5
2417,17,0.07,Good,0.47,523,5
2418,18,0.08,Medium,0.49,608,4
2419,31,0.27,Poor,0.75,345,3
2420,52,0.99,Poor,0.98,134,1
2421,34,0.33,Poor,0.74,458,3
2422,52,0.98,Poor,0.97,348,1
2423,38,0.46,Poor,0.83,261,3
2424,46,0.75,Poor,0.88,307,2
2425,28,0.22,Medium,0.71,422,4
2426,22,0.12,Medium,0.59,236,4
2427,26,0.17,Medium,0.63,536,4
2428,32,0.3,Poor,0.75,264,3
2429,15,0.05,Good,0.48,486,5
2430,16,0.06,Good,0.48,370,5
2431,26,0.19,Medium,0.62,553,4
2432,37,0.43,Poor,0.83,559,3
2433,35,0.36,Poor,0.76,188,3
2434,51,0.95,Poor,1,568,1
2435,29,0.24,Poor,0.73,586,3
2436,20,0.1,Medium,0.56,539,4
2437,52,0.96,Poor,0.97,418,1
2438,34,0.34,Poor,0.77,619,3
2439,15,0.05,Good,0.46,362,5
2440,51,0.89,Poor,0.96,65,1
2441,36,0.42,Poor,0.75,493,3
2442,15,0.05,Good,0.43,214,5
2443,24,0.16,Medium,0.58,572,4
2444,30,0.25,Medium,0.67,206,4
2445,23,0.13,Medium,0.63,351,4
2446,51,0.91,Poor,1,288,1
2447,32,0.29,Poor,0.7,453,3
2448,20,0.1,Medium,0.54,299,4
2449,30,0.24,Poor,0.7,561,3
2450,17,0.07,Good,0.51,419,5
2451,30,0.25,Poor,0.73,413,3
2452,51,0.89,Poor,0.91,253,1
2453,25,0.17,Medium,0.64,360,4
2454,47,0.75,Poor,0.98,538,2
2455,23,0.13,Medium,0.62,65,4
2456,39,0.51,Poor,0.77,211,2
2457,42,0.6,Poor,0.85,621,2
2458,17,0.07,Good,0.49,252,5
2459,19,0.09,Medium,0.51,451,4
2460,41,0.53,Poor,0.88,250,3
2461,15,0.05,Good,0.44,277,5
2462,50,0.88,Poor,0.98,178,1
2463,15,0.05,Good,0.49,514,5
2464,42,0.6,Poor,0.86,235,2
2465,51,0.95,Poor,0.99,111,1
2466,32,0.31,Poor,0.72,105,3
2467,20,0.09,Medium,0.55,379,4
2468,18,0.08,Medium,0.52,545,4
2469,17,0.07,Good,0.49,343,5
2470,15,0.05,Good,0.45,327,5
2471,37,0.44,Poor,0.77,164,3
2472,38,0.46,Poor,0.83,285,3
2473,49,0.88,Poor,0.96,180,1
2474,18,0.07,Medium,0.53,630,4
2475,17,0.06,Good,0.52,233,5
2476,50,0.92,Poor,0.97,504,1
2477,34,0.35,Poor,0.74,613,3
2478,31,0.28,Poor,0.7,452,3
2479,51,0.94,Poor,0.96,191,1
2480,33,0.32,Poor,0.71,267,3
2481,51,0.91,Poor,0.97,396,1
2482,20,0.09,Medium,0.55,165,4
2483,52,0.94,Poor,0.96,121,1
2484,27,0.19,Medium,0.7,578,4
2485,15,0.05,Good,0.46,489,5
2486,16,0.06,Good,0.45,268,5
2487,51,0.93,Poor,0.92,581,1
2488,36,0.41,Poor,0.81,354,3
2489,28,0.23,Medium,0.65,479,4
2490,17,0.06,Medium,0.53,89,4
2491,50,0.9,Poor,0.98,418,1
2492,51,0.91,Poor,0.94,198,1
2493,25,0.17,Medium,0.6,195,4
2494,51,0.92,Poor,1,138,1
2495,15,0.05,Good,0.46,340,5
2496,19,0.09,Medium,0.54,274,4
2497,45,0.65,Poor,0.93,293,2
2498,15,0.05,Good,0.48,280,5
2499,51,0.92,Poor,0.99,413,1
2500,16,0.05,Good,0.49,544,5
